dataset,instance,num_nodes,team_size,runs,reference_best_score,best_score,mean_score,std_score,mean_cpu_time_seconds,median_cpu_time_seconds,mean_iterations_to_convergence,success_rate_percent,mean_gap_to_reference_best_percent,max_gap_to_reference_best_percent
chao,p4.2.a.txt,100,2,2,194.0,194.0,194.0,0.0,0.06923475000075996,0.06923475000075996,1.5,100.0,0.0,0.0
chao,p4.2.b.txt,100,2,2,321.0,321.0,321.0,0.0,0.08792939997510985,0.08792939997510985,13.0,100.0,0.0,0.0
chao,p4.2.c.txt,100,2,2,432.0,432.0,411.0,29.698484809834994,0.12199510005302727,0.12199510005302727,9.5,50.0,4.861111111111112,9.722222222222223
chao,p4.2.d.txt,100,2,2,518.0,518.0,506.0,16.97056274847714,0.1744318999699317,0.1744318999699317,16.5,50.0,2.3166023166023164,4.633204633204633
chao,p4.2.e.txt,100,2,2,606.0,606.0,601.0,7.0710678118654755,0.2591917999670841,0.2591917999670841,8.0,50.0,0.825082508250825,1.65016501650165
chao,p4.2.f.txt,100,2,2,654.0,654.0,651.5,3.5355339059327378,0.23184764996403828,0.23184764996403828,18.0,50.0,0.382262996941896,0.764525993883792
chao,p4.2.g.txt,100,2,2,721.0,721.0,718.5,3.5355339059327378,0.2803253500023857,0.2803253500023857,11.5,50.0,0.34674063800277394,0.6934812760055479
chao,p4.2.h.txt,100,2,2,771.0,771.0,764.5,9.192388155425117,0.31474775000242516,0.31474775000242516,11.0,50.0,0.8430609597924773,1.6861219195849546
chao,p4.2.i.txt,100,2,2,840.0,840.0,820.0,28.284271247461902,0.32042514998465776,0.32042514998465776,9.5,50.0,2.380952380952381,4.761904761904762
chao,p4.2.j.txt,100,2,2,896.0,896.0,889.0,9.899494936611665,0.38093570002820343,0.38093570002820343,10.5,50.0,0.78125,1.5625
chao,p4.2.k.txt,100,2,2,951.0,951.0,938.0,18.384776310850235,0.4145200499915518,0.4145200499915518,5.5,50.0,1.3669821240799158,2.7339642481598316
chao,p4.2.l.txt,100,2,2,1009.0,1009.0,1002.5,9.192388155425117,0.43718760000774637,0.43718760000774637,12.0,50.0,0.6442021803766105,1.288404360753221
chao,p4.2.m.txt,100,2,2,1083.0,1083.0,1078.0,7.0710678118654755,0.4198682499700226,0.4198682499700226,17.5,50.0,0.46168051708217916,0.9233610341643583
chao,p4.2.n.txt,100,2,2,1103.0,1103.0,1084.5,26.16295090390226,0.4071010500192642,0.4071010500192642,18.0,50.0,1.6772438803263827,3.3544877606527654
chao,p4.2.o.txt,100,2,2,1149.0,1149.0,1142.0,9.899494936611665,0.4922339000040665,0.4922339000040665,15.5,50.0,0.6092254134029591,1.2184508268059182
chao,p4.2.p.txt,100,2,2,1178.0,1178.0,1174.0,5.656854249492381,0.44441145000746474,0.44441145000746474,16.5,50.0,0.3395585738539898,0.6791171477079796
chao,p4.2.q.txt,100,2,2,1206.0,1206.0,1199.0,9.899494936611665,0.43904450006084517,0.43904450006084517,12.5,50.0,0.5804311774461027,1.1608623548922055
chao,p4.2.r.txt,100,2,2,1205.0,1205.0,1200.0,7.0710678118654755,0.5135367499897256,0.5135367499897256,18.0,50.0,0.4149377593360996,0.8298755186721992
chao,p4.2.s.txt,100,2,2,1276.0,1276.0,1262.0,19.79898987322333,0.5409909000736661,0.5409909000736661,9.0,50.0,1.09717868338558,2.19435736677116
chao,p4.2.t.txt,100,2,2,1295.0,1295.0,1289.5,7.7781745930520225,0.5048582499730401,0.5048582499730401,12.0,50.0,0.42471042471042475,0.8494208494208495
chao,p4.3.a.txt,100,3,2,0.0,0.0,0.0,0.0,0.011785399983637035,0.011785399983637035,0.0,100.0,0.0,0.0
chao,p4.3.b.txt,100,3,2,38.0,38.0,38.0,0.0,0.029099949984811246,0.029099949984811246,0.0,100.0,0.0,0.0
chao,p4.3.c.txt,100,3,2,193.0,193.0,190.0,4.242640687119285,0.0819719000137411,0.0819719000137411,13.5,50.0,1.5544041450777202,3.1088082901554404
chao,p4.3.d.txt,100,3,2,335.0,335.0,328.5,9.192388155425117,0.12819685001159087,0.12819685001159087,17.0,50.0,1.9402985074626864,3.880597014925373
chao,p4.3.e.txt,100,3,2,460.0,460.0,460.0,0.0,0.1800775000010617,0.1800775000010617,7.0,100.0,0.0,0.0
chao,p4.3.f.txt,100,3,2,559.0,559.0,537.0,31.11269837220809,0.22164099995279685,0.22164099995279685,19.5,50.0,3.9355992844364938,7.8711985688729875
chao,p4.3.g.txt,100,3,2,622.0,622.0,602.0,28.284271247461902,0.22855810000328347,0.22855810000328347,13.5,50.0,3.215434083601286,6.430868167202572
chao,p4.3.h.txt,100,3,2,673.0,673.0,663.0,14.142135623730951,0.27210889995330945,0.27210889995330945,16.0,50.0,1.4858841010401187,2.9717682020802374
chao,p4.3.i.txt,100,3,2,774.0,774.0,769.5,6.363961030678928,0.30396769993240014,0.30396769993240014,7.0,50.0,0.5813953488372093,1.1627906976744187
chao,p4.3.j.txt,100,3,2,833.0,833.0,819.5,19.091883092036785,0.3553857000079006,0.3553857000079006,5.5,50.0,1.6206482593037215,3.241296518607443
chao,p4.3.k.txt,100,3,2,878.0,878.0,855.5,31.81980515339464,0.39237550005782396,0.39237550005782396,7.5,50.0,2.562642369020501,5.125284738041002
chao,p4.3.l.txt,100,3,2,916.0,916.0,892.0,33.94112549695428,0.3639945999602787,0.3639945999602787,16.0,50.0,2.6200873362445414,5.240174672489083
chao,p4.3.m.txt,100,3,2,962.0,962.0,941.5,28.991378028648448,0.38905400002840906,0.38905400002840906,14.0,50.0,2.130977130977131,4.261954261954262
chao,p4.3.n.txt,100,3,2,1056.0,1056.0,1039.5,23.33452377915607,0.4183632000349462,0.4183632000349462,16.0,50.0,1.5625,3.125
chao,p4.3.o.txt,100,3,2,1076.0,1076.0,1069.5,9.192388155425117,0.40608540002722293,0.40608540002722293,17.5,50.0,0.604089219330855,1.20817843866171
chao,p4.3.p.txt,100,3,2,1155.0,1155.0,1139.5,21.920310216782973,0.42606099997647107,0.42606099997647107,20.0,50.0,1.341991341991342,2.683982683982684
chao,p4.3.q.txt,100,3,2,1169.0,1169.0,1164.0,7.0710678118654755,0.44192329997895285,0.44192329997895285,18.5,50.0,0.42771599657827203,0.8554319931565441
chao,p4.3.r.txt,100,3,2,1175.0,1175.0,1165.0,14.142135623730951,0.4337631000089459,0.4337631000089459,12.0,50.0,0.851063829787234,1.702127659574468
chao,p4.3.s.txt,100,3,2,1239.0,1239.0,1228.5,14.849242404917497,0.500598450016696,0.500598450016696,14.0,50.0,0.847457627118644,1.694915254237288
chao,p4.3.t.txt,100,3,2,1271.0,1271.0,1261.0,14.142135623730951,0.6333029000088573,0.6333029000088573,16.5,50.0,0.7867820613690008,1.5735641227380015
chao,p4.4.a.txt,100,4,2,0.0,0.0,0.0,0.0,0.017138800059910864,0.017138800059910864,0.0,100.0,0.0,0.0
chao,p4.4.b.txt,100,4,2,0.0,0.0,0.0,0.0,0.01526575000025332,0.01526575000025332,0.0,100.0,0.0,0.0
chao,p4.4.c.txt,100,4,2,0.0,0.0,0.0,0.0,0.012682400003541261,0.012682400003541261,0.0,100.0,0.0,0.0
chao,p4.4.d.txt,100,4,2,38.0,38.0,38.0,0.0,0.04167720000259578,0.04167720000259578,0.0,100.0,0.0,0.0
chao,p4.4.e.txt,100,4,2,182.0,182.0,182.0,0.0,0.09878280002158135,0.09878280002158135,10.5,100.0,0.0,0.0
chao,p4.4.f.txt,100,4,2,315.0,315.0,312.0,4.242640687119285,0.2224123000050895,0.2224123000050895,14.5,50.0,0.9523809523809524,1.9047619047619049
chao,p4.4.g.txt,100,4,2,444.0,444.0,438.5,7.7781745930520225,0.2005915500340052,0.2005915500340052,15.0,50.0,1.2387387387387387,2.4774774774774775
chao,p4.4.h.txt,100,4,2,522.0,522.0,519.0,4.242640687119285,0.22509309998713434,0.22509309998713434,3.5,50.0,0.5747126436781609,1.1494252873563218
chao,p4.4.i.txt,100,4,2,636.0,636.0,630.5,7.7781745930520225,0.2890740499715321,0.2890740499715321,12.5,50.0,0.8647798742138365,1.729559748427673
chao,p4.4.j.txt,100,4,2,702.0,702.0,685.5,23.33452377915607,0.2976284999749623,0.2976284999749623,15.0,50.0,2.3504273504273505,4.700854700854701
chao,p4.4.k.txt,100,4,2,748.0,748.0,744.5,4.949747468305833,0.3587614999851212,0.3587614999851212,18.5,50.0,0.4679144385026738,0.9358288770053476
chao,p4.4.l.txt,100,4,2,836.0,836.0,796.0,56.568542494923804,0.3659735999535769,0.3659735999535769,6.5,50.0,4.784688995215311,9.569377990430622
chao,p4.4.m.txt,100,4,2,896.0,896.0,871.0,35.35533905932738,0.40710444998694584,0.40710444998694584,18.0,50.0,2.7901785714285716,5.580357142857143
chao,p4.4.n.txt,100,4,2,928.0,928.0,914.0,19.79898987322333,0.4221605000202544,0.4221605000202544,16.5,50.0,1.5086206896551724,3.0172413793103448
chao,p4.4.o.txt,100,4,2,972.0,972.0,972.0,0.0,0.4415632499731146,0.4415632499731146,11.0,100.0,0.0,0.0
chao,p4.4.p.txt,100,4,2,1009.0,1009.0,972.5,51.61879502661797,0.406233899993822,0.406233899993822,12.0,50.0,3.617443012884044,7.234886025768088
chao,p4.4.q.txt,100,4,2,1051.0,1051.0,1031.0,28.284271247461902,0.4420593499671668,0.4420593499671668,16.5,50.0,1.9029495718363463,3.8058991436726926
chao,p4.4.r.txt,100,4,2,1126.0,1126.0,1124.5,2.1213203435596424,0.4513217000057921,0.4513217000057921,18.0,50.0,0.13321492007104796,0.2664298401420959
chao,p4.4.s.txt,100,4,2,1180.0,1180.0,1135.5,62.932503525602726,0.4528376000234857,0.4528376000234857,9.0,50.0,3.7711864406779663,7.5423728813559325
chao,p4.4.t.txt,100,4,2,1256.0,1256.0,1232.0,33.94112549695428,0.4508043500245549,0.4508043500245549,18.0,50.0,1.910828025477707,3.821656050955414
chao,p5.2.a.txt,66,2,2,0.0,0.0,0.0,0.0,0.006576100015081465,0.006576100015081465,0.0,100.0,0.0,0.0
chao,p5.2.b.txt,66,2,2,20.0,20.0,20.0,0.0,0.022832200047560036,0.022832200047560036,0.0,100.0,0.0,0.0
chao,p5.2.c.txt,66,2,2,50.0,50.0,50.0,0.0,0.03035189997171983,0.03035189997171983,9.0,100.0,0.0,0.0
chao,p5.2.d.txt,66,2,2,80.0,80.0,80.0,0.0,0.05176289996597916,0.05176289996597916,1.0,100.0,0.0,0.0
chao,p5.2.e.txt,66,2,2,180.0,180.0,177.5,3.5355339059327378,0.04947690002154559,0.04947690002154559,4.5,50.0,1.3888888888888888,2.7777777777777777
chao,p5.2.f.txt,66,2,2,240.0,240.0,227.5,17.67766952966369,0.03731719998177141,0.03731719998177141,4.0,50.0,5.208333333333334,10.416666666666668
chao,p5.2.g.txt,66,2,2,320.0,320.0,320.0,0.0,0.05046714999480173,0.05046714999480173,1.5,100.0,0.0,0.0
chao,p5.2.h.txt,66,2,2,390.0,390.0,387.5,3.5355339059327378,0.05576499999733642,0.05576499999733642,2.0,50.0,0.641025641025641,1.282051282051282
chao,p5.2.i.txt,66,2,2,460.0,460.0,457.5,3.5355339059327378,0.06563399999868125,0.06563399999868125,6.5,50.0,0.5434782608695652,1.0869565217391304
chao,p5.2.j.txt,66,2,2,555.0,555.0,555.0,0.0,0.0708107499522157,0.0708107499522157,7.5,100.0,0.0,0.0
chao,p5.2.k.txt,66,2,2,660.0,660.0,650.0,14.142135623730951,0.08394789998419583,0.08394789998419583,9.5,50.0,1.5151515151515151,3.0303030303030303
chao,p5.2.l.txt,66,2,2,770.0,770.0,760.0,14.142135623730951,0.10509570001158863,0.10509570001158863,12.0,50.0,1.2987012987012987,2.5974025974025974
chao,p5.2.m.txt,66,2,2,835.0,835.0,817.5,24.748737341529164,0.10196820000419393,0.10196820000419393,5.5,50.0,2.095808383233533,4.191616766467066
chao,p5.2.n.txt,66,2,2,900.0,900.0,882.5,24.748737341529164,0.10225784999784082,0.10225784999784082,10.5,50.0,1.9444444444444444,3.888888888888889
chao,p5.2.o.txt,66,2,2,995.0,995.0,967.5,38.890872965260115,0.11969650007085875,0.11969650007085875,14.5,50.0,2.763819095477387,5.527638190954774
chao,p5.2.p.txt,66,2,2,1150.0,1150.0,1105.0,63.63961030678928,0.1358858000021428,0.1358858000021428,10.0,50.0,3.91304347826087,7.82608695652174
chao,p5.2.q.txt,66,2,2,1140.0,1140.0,1132.5,10.606601717798213,0.1577073999796994,0.1577073999796994,8.5,50.0,0.6578947368421052,1.3157894736842104
chao,p5.2.r.txt,66,2,2,1250.0,1250.0,1247.5,3.5355339059327378,0.13737569999648258,0.13737569999648258,13.5,50.0,0.2,0.4
chao,p5.2.s.txt,66,2,2,1310.0,1310.0,1302.5,10.606601717798213,0.12183514994103462,0.12183514994103462,16.0,50.0,0.5725190839694656,1.1450381679389312
chao,p5.2.t.txt,66,2,2,1390.0,1390.0,1362.5,38.890872965260115,0.1346662999712862,0.1346662999712862,10.0,50.0,1.9784172661870503,3.9568345323741005
chao,p5.2.u.txt,66,2,2,1460.0,1460.0,1445.0,21.213203435596427,0.14241299993591383,0.14241299993591383,18.0,50.0,1.0273972602739725,2.054794520547945
chao,p5.2.v.txt,66,2,2,1475.0,1475.0,1470.0,7.0710678118654755,0.142160750052426,0.142160750052426,9.0,50.0,0.3389830508474576,0.6779661016949152
chao,p5.2.w.txt,66,2,2,1540.0,1540.0,1530.0,14.142135623730951,0.14390879997517914,0.14390879997517914,17.5,50.0,0.6493506493506493,1.2987012987012987
chao,p5.2.x.txt,66,2,2,1590.0,1590.0,1577.5,17.67766952966369,0.1410788000212051,0.1410788000212051,10.0,50.0,0.7861635220125787,1.5723270440251573
chao,p5.2.y.txt,66,2,2,1625.0,1625.0,1620.0,7.0710678118654755,0.15296174999093637,0.15296174999093637,9.5,50.0,0.3076923076923077,0.6153846153846154
chao,p5.2.z.txt,66,2,2,1665.0,1665.0,1657.5,10.606601717798213,0.13832949998322874,0.13832949998322874,7.0,50.0,0.45045045045045046,0.9009009009009009
chao,p5.3.a.txt,66,3,2,0.0,0.0,0.0,0.0,0.006939999992027879,0.006939999992027879,0.0,100.0,0.0,0.0
chao,p5.3.b.txt,66,3,2,15.0,15.0,15.0,0.0,0.018451099982485175,0.018451099982485175,0.0,100.0,0.0,0.0
chao,p5.3.c.txt,66,3,2,20.0,20.0,20.0,0.0,0.024006350024137646,0.024006350024137646,0.0,100.0,0.0,0.0
chao,p5.3.d.txt,66,3,2,60.0,60.0,60.0,0.0,0.02949580003041774,0.02949580003041774,0.0,100.0,0.0,0.0
chao,p5.3.e.txt,66,3,2,95.0,95.0,95.0,0.0,0.0354321000049822,0.0354321000049822,3.5,100.0,0.0,0.0
chao,p5.3.f.txt,66,3,2,110.0,110.0,110.0,0.0,0.039135899976827204,0.039135899976827204,0.0,100.0,0.0,0.0
chao,p5.3.g.txt,66,3,2,185.0,185.0,185.0,0.0,0.042359599960036576,0.042359599960036576,3.5,100.0,0.0,0.0
chao,p5.3.h.txt,66,3,2,260.0,260.0,260.0,0.0,0.05833550001261756,0.05833550001261756,3.5,100.0,0.0,0.0
chao,p5.3.i.txt,66,3,2,335.0,335.0,335.0,0.0,0.11261144996387884,0.11261144996387884,4.5,100.0,0.0,0.0
chao,p5.3.j.txt,66,3,2,470.0,470.0,450.0,28.284271247461902,0.07368410000344738,0.07368410000344738,2.5,50.0,4.25531914893617,8.51063829787234
chao,p5.3.k.txt,66,3,2,485.0,485.0,477.5,10.606601717798213,0.07864904997404665,0.07864904997404665,6.5,50.0,1.5463917525773196,3.0927835051546393
chao,p5.3.l.txt,66,3,2,585.0,585.0,580.0,7.0710678118654755,0.08940570004051551,0.08940570004051551,1.0,50.0,0.8547008547008548,1.7094017094017095
chao,p5.3.m.txt,66,3,2,650.0,650.0,647.5,3.5355339059327378,0.10466544999508187,0.10466544999508187,7.0,50.0,0.38461538461538464,0.7692307692307693
chao,p5.3.n.txt,66,3,2,735.0,735.0,722.5,17.67766952966369,0.10114880005130544,0.10114880005130544,16.0,50.0,1.7006802721088436,3.4013605442176873
chao,p5.3.o.txt,66,3,2,820.0,820.0,820.0,0.0,0.12770514999283478,0.12770514999283478,8.0,100.0,0.0,0.0
chao,p5.3.p.txt,66,3,2,990.0,990.0,965.0,35.35533905932738,0.13621160003822297,0.13621160003822297,11.5,50.0,2.525252525252525,5.05050505050505
chao,p5.3.q.txt,66,3,2,1055.0,1055.0,1045.0,14.142135623730951,0.1451756000169553,0.1451756000169553,16.0,50.0,0.9478672985781991,1.8957345971563981
chao,p5.3.r.txt,66,3,2,1110.0,1110.0,1105.0,7.0710678118654755,0.1277061499422416,0.1277061499422416,4.5,50.0,0.45045045045045046,0.9009009009009009
chao,p5.3.s.txt,66,3,2,1155.0,1155.0,1132.5,31.81980515339464,0.1328941499814391,0.1328941499814391,3.5,50.0,1.948051948051948,3.896103896103896
chao,p5.3.t.txt,66,3,2,1255.0,1255.0,1245.0,14.142135623730951,0.1412681500078179,0.1412681500078179,17.5,50.0,0.796812749003984,1.593625498007968
chao,p5.3.u.txt,66,3,2,1335.0,1335.0,1320.0,21.213203435596427,0.14852425002027303,0.14852425002027303,6.0,50.0,1.1235955056179776,2.247191011235955
chao,p5.3.v.txt,66,3,2,1390.0,1390.0,1387.5,3.5355339059327378,0.17990829999325797,0.17990829999325797,9.5,50.0,0.1798561151079137,0.3597122302158274
chao,p5.3.w.txt,66,3,2,1440.0,1440.0,1405.0,49.49747468305833,0.15478224999969825,0.15478224999969825,17.5,50.0,2.430555555555556,4.861111111111112
chao,p5.3.x.txt,66,3,2,1525.0,1525.0,1505.0,28.284271247461902,0.13913950003916398,0.13913950003916398,11.0,50.0,1.3114754098360655,2.622950819672131
chao,p5.3.y.txt,66,3,2,1565.0,1565.0,1560.0,7.0710678118654755,0.15626570000313222,0.15626570000313222,13.5,50.0,0.3194888178913738,0.6389776357827476
chao,p5.3.z.txt,66,3,2,1610.0,1610.0,1597.5,17.67766952966369,0.13370725000277162,0.13370725000277162,5.0,50.0,0.7763975155279503,1.5527950310559007
chao,p5.4.a.txt,66,4,2,0.0,0.0,0.0,0.0,0.009875149989966303,0.009875149989966303,0.0,100.0,0.0,0.0
chao,p5.4.b.txt,66,4,2,0.0,0.0,0.0,0.0,0.009981099981814623,0.009981099981814623,0.0,100.0,0.0,0.0
chao,p5.4.c.txt,66,4,2,20.0,20.0,20.0,0.0,0.029967299953568727,0.029967299953568727,0.0,100.0,0.0,0.0
chao,p5.4.d.txt,66,4,2,20.0,20.0,20.0,0.0,0.030361149983946234,0.030361149983946234,0.0,100.0,0.0,0.0
chao,p5.4.e.txt,66,4,2,20.0,20.0,20.0,0.0,0.030386399943381548,0.030386399943381548,0.0,100.0,0.0,0.0
chao,p5.4.f.txt,66,4,2,80.0,80.0,80.0,0.0,0.041512399970088154,0.041512399970088154,0.0,100.0,0.0,0.0
chao,p5.4.g.txt,66,4,2,140.0,140.0,140.0,0.0,0.05404030001955107,0.05404030001955107,0.0,100.0,0.0,0.0
chao,p5.4.h.txt,66,4,2,140.0,140.0,140.0,0.0,0.05290755000896752,0.05290755000896752,0.0,100.0,0.0,0.0
chao,p5.4.i.txt,66,4,2,240.0,240.0,240.0,0.0,0.05949045001761988,0.05949045001761988,10.0,100.0,0.0,0.0
chao,p5.4.j.txt,66,4,2,340.0,340.0,340.0,0.0,0.08143750001909211,0.08143750001909211,2.0,100.0,0.0,0.0
chao,p5.4.k.txt,66,4,2,340.0,340.0,340.0,0.0,0.08440900000277907,0.08440900000277907,0.0,100.0,0.0,0.0
chao,p5.4.l.txt,66,4,2,425.0,425.0,410.0,21.213203435596427,0.0770213000359945,0.0770213000359945,9.0,50.0,3.5294117647058822,7.0588235294117645
chao,p5.4.m.txt,66,4,2,550.0,550.0,515.0,49.49747468305833,0.09464595001190901,0.09464595001190901,6.0,50.0,6.363636363636363,12.727272727272727
chao,p5.4.n.txt,66,4,2,620.0,620.0,610.0,14.142135623730951,0.1473524000030011,0.1473524000030011,5.0,50.0,1.6129032258064515,3.225806451612903
chao,p5.4.o.txt,66,4,2,655.0,655.0,647.5,10.606601717798213,0.1181436000042595,0.1181436000042595,8.5,50.0,1.1450381679389312,2.2900763358778624
chao,p5.4.p.txt,66,4,2,760.0,760.0,760.0,0.0,0.12034215003950521,0.12034215003950521,11.5,100.0,0.0,0.0
chao,p5.4.q.txt,66,4,2,860.0,860.0,845.0,21.213203435596427,0.12525929993717,0.12525929993717,16.5,50.0,1.744186046511628,3.488372093023256
chao,p5.4.r.txt,66,4,2,890.0,890.0,880.0,14.142135623730951,0.1374941500253044,0.1374941500253044,6.0,50.0,1.1235955056179776,2.247191011235955
chao,p5.4.s.txt,66,4,2,1005.0,1005.0,1002.5,3.5355339059327378,0.16501310002058744,0.16501310002058744,8.0,50.0,0.24875621890547264,0.4975124378109453
chao,p5.4.t.txt,66,4,2,1095.0,1095.0,1067.5,38.890872965260115,0.1632380000082776,0.1632380000082776,3.0,50.0,2.5114155251141552,5.0228310502283104
chao,p5.4.u.txt,66,4,2,1175.0,1175.0,1170.0,7.0710678118654755,0.16981614992255345,0.16981614992255345,9.0,50.0,0.425531914893617,0.851063829787234
chao,p5.4.v.txt,66,4,2,1285.0,1285.0,1257.5,38.890872965260115,0.1627409000066109,0.1627409000066109,10.5,50.0,2.140077821011673,4.280155642023346
chao,p5.4.w.txt,66,4,2,1375.0,1375.0,1372.5,3.5355339059327378,0.16240889998152852,0.16240889998152852,7.5,50.0,0.18181818181818182,0.36363636363636365
chao,p5.4.x.txt,66,4,2,1390.0,1390.0,1385.0,7.0710678118654755,0.1526350500062108,0.1526350500062108,12.5,50.0,0.3597122302158274,0.7194244604316548
chao,p5.4.y.txt,66,4,2,1485.0,1485.0,1475.0,14.142135623730951,0.19558445003349334,0.19558445003349334,8.0,50.0,0.6734006734006733,1.3468013468013467
chao,p5.4.z.txt,66,4,2,1535.0,1535.0,1510.0,35.35533905932738,0.15063395001925528,0.15063395001925528,9.5,50.0,1.6286644951140066,3.257328990228013
chao,p6.2.a.txt,64,2,2,0.0,0.0,0.0,0.0,0.006957450008485466,0.006957450008485466,0.0,100.0,0.0,0.0
chao,p6.2.b.txt,64,2,2,0.0,0.0,0.0,0.0,0.0071905499789863825,0.0071905499789863825,0.0,100.0,0.0,0.0
chao,p6.2.c.txt,64,2,2,0.0,0.0,0.0,0.0,0.005842500017024577,0.005842500017024577,0.0,100.0,0.0,0.0
chao,p6.2.d.txt,64,2,2,192.0,192.0,192.0,0.0,0.04498439998133108,0.04498439998133108,1.5,100.0,0.0,0.0
chao,p6.2.e.txt,64,2,2,360.0,360.0,360.0,0.0,0.06637075002072379,0.06637075002072379,0.0,100.0,0.0,0.0
chao,p6.2.f.txt,64,2,2,540.0,540.0,516.0,33.94112549695428,0.08091389999026433,0.08091389999026433,3.0,50.0,4.444444444444445,8.88888888888889
chao,p6.2.g.txt,64,2,2,660.0,660.0,642.0,25.45584412271571,0.09068065008614212,0.09068065008614212,6.5,50.0,2.727272727272727,5.454545454545454
chao,p6.2.h.txt,64,2,2,780.0,780.0,756.0,33.94112549695428,0.0964625000488013,0.0964625000488013,13.0,50.0,3.076923076923077,6.153846153846154
chao,p6.2.i.txt,64,2,2,888.0,888.0,888.0,0.0,0.11378670000704005,0.11378670000704005,9.0,100.0,0.0,0.0
chao,p6.2.j.txt,64,2,2,936.0,936.0,933.0,4.242640687119285,0.12180259998422116,0.12180259998422116,17.5,50.0,0.3205128205128205,0.641025641025641
chao,p6.2.k.txt,64,2,2,1032.0,1032.0,1032.0,0.0,0.1246652000118047,0.1246652000118047,11.5,100.0,0.0,0.0
chao,p6.2.l.txt,64,2,2,1104.0,1104.0,1101.0,4.242640687119285,0.12829179997788742,0.12829179997788742,10.5,50.0,0.2717391304347826,0.5434782608695652
chao,p6.2.m.txt,64,2,2,1164.0,1164.0,1152.0,16.97056274847714,0.13282139995135367,0.13282139995135367,4.0,50.0,1.0309278350515463,2.0618556701030926
chao,p6.2.n.txt,64,2,2,1242.0,1242.0,1239.0,4.242640687119285,0.12084430002141744,0.12084430002141744,12.5,50.0,0.24154589371980675,0.4830917874396135
chao,p6.3.a.txt,64,3,2,0.0,0.0,0.0,0.0,0.007545550004579127,0.007545550004579127,0.0,100.0,0.0,0.0
chao,p6.3.b.txt,64,3,2,0.0,0.0,0.0,0.0,0.006332600023597479,0.006332600023597479,0.0,100.0,0.0,0.0
chao,p6.3.c.txt,64,3,2,0.0,0.0,0.0,0.0,0.006289699987974018,0.006289699987974018,0.0,100.0,0.0,0.0
chao,p6.3.d.txt,64,3,2,0.0,0.0,0.0,0.0,0.006100300059188157,0.006100300059188157,0.0,100.0,0.0,0.0
chao,p6.3.e.txt,64,3,2,0.0,0.0,0.0,0.0,0.007128549972549081,0.007128549972549081,0.0,100.0,0.0,0.0
chao,p6.3.f.txt,64,3,2,0.0,0.0,0.0,0.0,0.0055770500330254436,0.0055770500330254436,0.0,100.0,0.0,0.0
chao,p6.3.g.txt,64,3,2,276.0,276.0,276.0,0.0,0.11118584999348968,0.11118584999348968,3.0,100.0,0.0,0.0
chao,p6.3.h.txt,64,3,2,438.0,438.0,435.0,4.242640687119285,0.0914993499754928,0.0914993499754928,14.5,50.0,0.684931506849315,1.36986301369863
chao,p6.3.i.txt,64,3,2,612.0,612.0,606.0,8.48528137423857,0.11691385001176968,0.11691385001176968,15.5,50.0,0.9803921568627451,1.9607843137254901
chao,p6.3.j.txt,64,3,2,828.0,828.0,792.0,50.91168824543142,0.12457295000785962,0.12457295000785962,8.5,50.0,4.3478260869565215,8.695652173913043
chao,p6.3.k.txt,64,3,2,840.0,840.0,825.0,21.213203435596427,0.14282954996451735,0.14282954996451735,7.0,50.0,1.7857142857142856,3.571428571428571
chao,p6.3.l.txt,64,3,2,996.0,996.0,984.0,16.97056274847714,0.13694474997464567,0.13694474997464567,17.5,50.0,1.2048192771084338,2.4096385542168677
chao,p6.3.m.txt,64,3,2,1056.0,1056.0,1053.0,4.242640687119285,0.14558865001890808,0.14558865001890808,12.5,50.0,0.2840909090909091,0.5681818181818182
chao,p6.3.n.txt,64,3,2,1134.0,1134.0,1131.0,4.242640687119285,0.13327044993638992,0.13327044993638992,10.0,50.0,0.26455026455026454,0.5291005291005291
chao,p6.4.a.txt,64,4,2,0.0,0.0,0.0,0.0,0.008031649980694056,0.008031649980694056,0.0,100.0,0.0,0.0
chao,p6.4.b.txt,64,4,2,0.0,0.0,0.0,0.0,0.0079562000464648,0.0079562000464648,0.0,100.0,0.0,0.0
chao,p6.4.c.txt,64,4,2,0.0,0.0,0.0,0.0,0.008048949937801808,0.008048949937801808,0.0,100.0,0.0,0.0
chao,p6.4.d.txt,64,4,2,0.0,0.0,0.0,0.0,0.009151900070719421,0.009151900070719421,0.0,100.0,0.0,0.0
chao,p6.4.e.txt,64,4,2,0.0,0.0,0.0,0.0,0.007638899958692491,0.007638899958692491,0.0,100.0,0.0,0.0
chao,p6.4.f.txt,64,4,2,0.0,0.0,0.0,0.0,0.006928350019734353,0.006928350019734353,0.0,100.0,0.0,0.0
chao,p6.4.g.txt,64,4,2,0.0,0.0,0.0,0.0,0.0071498999604955316,0.0071498999604955316,0.0,100.0,0.0,0.0
chao,p6.4.h.txt,64,4,2,0.0,0.0,0.0,0.0,0.007666449993848801,0.007666449993848801,0.0,100.0,0.0,0.0
chao,p6.4.i.txt,64,4,2,0.0,0.0,0.0,0.0,0.007414199993945658,0.007414199993945658,0.0,100.0,0.0,0.0
chao,p6.4.j.txt,64,4,2,366.0,366.0,363.0,4.242640687119285,0.0886208500014618,0.0886208500014618,3.5,50.0,0.819672131147541,1.639344262295082
chao,p6.4.k.txt,64,4,2,516.0,516.0,510.0,8.48528137423857,0.10467695002444088,0.10467695002444088,17.0,50.0,1.1627906976744187,2.3255813953488373
chao,p6.4.l.txt,64,4,2,684.0,684.0,684.0,0.0,0.12977960001444444,0.12977960001444444,2.0,100.0,0.0,0.0
chao,p6.4.m.txt,64,4,2,912.0,912.0,897.0,21.213203435596427,0.1496951500303112,0.1496951500303112,11.5,50.0,1.644736842105263,3.289473684210526
chao,p6.4.n.txt,64,4,2,1068.0,1068.0,1032.0,50.91168824543142,0.19445114996051416,0.19445114996051416,13.5,50.0,3.3707865168539324,6.741573033707865
chao,p7.2.a.txt,102,2,2,30.0,30.0,30.0,0.0,0.02134464995469898,0.02134464995469898,0.0,100.0,0.0,0.0
chao,p7.2.b.txt,102,2,2,64.0,64.0,64.0,0.0,0.02927369996905327,0.02927369996905327,0.0,100.0,0.0,0.0
chao,p7.2.c.txt,102,2,2,101.0,101.0,101.0,0.0,0.03949920000741258,0.03949920000741258,3.5,100.0,0.0,0.0
chao,p7.2.d.txt,102,2,2,190.0,190.0,186.0,5.656854249492381,0.049991800042334944,0.049991800042334944,12.5,50.0,2.1052631578947367,4.2105263157894735
chao,p7.2.e.txt,102,2,2,280.0,280.0,266.5,19.091883092036785,0.08404220000375062,0.08404220000375062,16.5,50.0,4.821428571428572,9.642857142857144
chao,p7.2.f.txt,102,2,2,379.0,379.0,378.0,1.4142135623730951,0.11314959998708218,0.11314959998708218,16.0,50.0,0.2638522427440633,0.5277044854881267
chao,p7.2.g.txt,102,2,2,406.0,406.0,394.5,16.263455967290593,0.13306689995806664,0.13306689995806664,14.0,50.0,2.832512315270936,5.665024630541872
chao,p7.2.h.txt,102,2,2,449.0,449.0,439.0,14.142135623730951,0.14778650004882365,0.14778650004882365,14.0,50.0,2.2271714922048997,4.4543429844097995
chao,p7.2.i.txt,102,2,2,531.0,531.0,524.5,9.192388155425117,0.18669345002854243,0.18669345002854243,9.5,50.0,1.2241054613935969,2.4482109227871938
chao,p7.2.j.txt,102,2,2,629.0,629.0,604.5,34.64823227814083,0.22130565001862124,0.22130565001862124,14.0,50.0,3.8950715421303657,7.790143084260731
chao,p7.2.k.txt,102,2,2,682.0,682.0,663.5,26.16295090390226,0.22258694999618456,0.22258694999618456,12.0,50.0,2.7126099706744866,5.425219941348973
chao,p7.2.l.txt,102,2,2,747.0,747.0,728.0,26.870057685088806,0.25993274996289983,0.25993274996289983,16.0,50.0,2.5435073627844713,5.087014725568943
chao,p7.2.m.txt,102,2,2,760.0,760.0,750.0,14.142135623730951,0.3267073500319384,0.3267073500319384,17.0,50.0,1.3157894736842104,2.631578947368421
chao,p7.2.n.txt,102,2,2,828.0,828.0,818.5,13.435028842544403,0.3086481000063941,0.3086481000063941,15.5,50.0,1.1473429951690821,2.2946859903381642
chao,p7.2.o.txt,102,2,2,908.0,908.0,901.0,9.899494936611665,0.32916050002677366,0.32916050002677366,20.0,50.0,0.7709251101321586,1.5418502202643172
chao,p7.2.p.txt,102,2,2,942.0,942.0,936.0,8.48528137423857,0.3541721499641426,0.3541721499641426,18.0,50.0,0.6369426751592357,1.2738853503184715
chao,p7.2.q.txt,102,2,2,1019.0,1019.0,1007.5,16.263455967290593,0.37588280002819374,0.37588280002819374,16.0,50.0,1.1285574092247301,2.2571148184494603
chao,p7.2.r.txt,102,2,2,1038.0,1038.0,1036.0,2.8284271247461903,0.4045939500210807,0.4045939500210807,17.5,50.0,0.1926782273603083,0.3853564547206166
chao,p7.2.s.txt,102,2,2,1082.0,1082.0,1040.0,59.39696961966999,0.4841799000278115,0.4841799000278115,19.0,50.0,3.8817005545286505,7.763401109057301
chao,p7.2.t.txt,102,2,2,1153.0,1153.0,1145.0,11.313708498984761,0.41067044995725155,0.41067044995725155,17.5,50.0,0.6938421509106678,1.3876843018213356
chao,p7.3.a.txt,102,3,2,0.0,0.0,0.0,0.0,0.011526849993970245,0.011526849993970245,0.0,100.0,0.0,0.0
chao,p7.3.b.txt,102,3,2,46.0,46.0,46.0,0.0,0.03020420006942004,0.03020420006942004,0.0,100.0,0.0,0.0
chao,p7.3.c.txt,102,3,2,79.0,79.0,79.0,0.0,0.03868319996399805,0.03868319996399805,0.0,100.0,0.0,0.0
chao,p7.3.d.txt,102,3,2,117.0,117.0,117.0,0.0,0.05614134995266795,0.05614134995266795,0.0,100.0,0.0,0.0
chao,p7.3.e.txt,102,3,2,175.0,175.0,170.0,7.0710678118654755,0.06027104996610433,0.06027104996610433,6.0,50.0,2.857142857142857,5.714285714285714
chao,p7.3.f.txt,102,3,2,247.0,247.0,243.0,5.656854249492381,0.08423039998160675,0.08423039998160675,11.0,50.0,1.6194331983805668,3.2388663967611335
chao,p7.3.g.txt,102,3,2,344.0,344.0,344.0,0.0,0.11253780004335567,0.11253780004335567,7.5,100.0,0.0,0.0
chao,p7.3.h.txt,102,3,2,416.0,416.0,392.0,33.94112549695428,0.15384134993655607,0.15384134993655607,13.0,50.0,5.769230769230769,11.538461538461538
chao,p7.3.i.txt,102,3,2,478.0,478.0,474.5,4.949747468305833,0.185456850042101,0.185456850042101,11.5,50.0,0.7322175732217573,1.4644351464435146
chao,p7.3.j.txt,102,3,2,551.0,551.0,534.5,23.33452377915607,0.2122802000376396,0.2122802000376396,12.0,50.0,2.9945553539019962,5.9891107078039925
chao,p7.3.k.txt,102,3,2,582.0,582.0,561.5,28.991378028648448,0.2867419000249356,0.2867419000249356,16.5,50.0,3.52233676975945,7.0446735395189
chao,p7.3.l.txt,102,3,2,669.0,669.0,659.5,13.435028842544403,0.26737930002855137,0.26737930002855137,10.5,50.0,1.4200298953662183,2.8400597907324365
chao,p7.3.m.txt,102,3,2,717.0,717.0,659.5,81.31727983645297,0.2643771499861032,0.2643771499861032,17.0,50.0,8.01952580195258,16.03905160390516
chao,p7.3.n.txt,102,3,2,780.0,780.0,777.0,4.242640687119285,0.31454609998036176,0.31454609998036176,17.5,50.0,0.38461538461538464,0.7692307692307693
chao,p7.3.o.txt,102,3,2,852.0,852.0,845.0,9.899494936611665,0.3115339500363916,0.3115339500363916,12.5,50.0,0.8215962441314555,1.643192488262911
chao,p7.3.p.txt,102,3,2,861.0,861.0,847.0,19.79898987322333,0.3326578999985941,0.3326578999985941,19.0,50.0,1.6260162601626018,3.2520325203252036
chao,p7.3.q.txt,102,3,2,965.0,965.0,919.5,64.34671708797582,0.39298730000155047,0.39298730000155047,14.5,50.0,4.715025906735751,9.430051813471502
chao,p7.3.r.txt,102,3,2,1010.0,1010.0,998.5,16.263455967290593,0.39758174994494766,0.39758174994494766,15.0,50.0,1.1386138613861385,2.277227722772277
chao,p7.3.s.txt,102,3,2,1040.0,1040.0,986.0,76.36753236814714,0.37742069992236793,0.37742069992236793,13.5,50.0,5.1923076923076925,10.384615384615385
chao,p7.3.t.txt,102,3,2,1084.0,1084.0,1061.0,32.526911934581186,0.4254053499898873,0.4254053499898873,19.0,50.0,2.121771217712177,4.243542435424354
chao,p7.4.a.txt,102,4,2,0.0,0.0,0.0,0.0,0.01366340002277866,0.01366340002277866,0.0,100.0,0.0,0.0
chao,p7.4.b.txt,102,4,2,30.0,30.0,30.0,0.0,0.03297244996065274,0.03297244996065274,0.0,100.0,0.0,0.0
chao,p7.4.c.txt,102,4,2,46.0,46.0,46.0,0.0,0.035654950013849884,0.035654950013849884,0.0,100.0,0.0,0.0
chao,p7.4.d.txt,102,4,2,79.0,79.0,79.0,0.0,0.05073909997008741,0.05073909997008741,0.0,100.0,0.0,0.0
chao,p7.4.e.txt,102,4,2,123.0,123.0,123.0,0.0,0.063698900048621,0.063698900048621,0.0,100.0,0.0,0.0
chao,p7.4.f.txt,102,4,2,164.0,164.0,161.0,4.242640687119285,0.0734506500302814,0.0734506500302814,3.5,50.0,1.8292682926829267,3.6585365853658534
chao,p7.4.g.txt,102,4,2,206.0,206.0,204.0,2.8284271247461903,0.09243349998723716,0.09243349998723716,1.5,50.0,0.9708737864077669,1.9417475728155338
chao,p7.4.h.txt,102,4,2,285.0,285.0,285.0,0.0,0.11755095003172755,0.11755095003172755,15.0,100.0,0.0,0.0
chao,p7.4.i.txt,102,4,2,351.0,351.0,350.0,1.4142135623730951,0.1880067500169389,0.1880067500169389,5.0,50.0,0.2849002849002849,0.5698005698005698
chao,p7.4.j.txt,102,4,2,450.0,450.0,449.0,1.4142135623730951,0.209499099990353,0.209499099990353,13.0,50.0,0.2222222222222222,0.4444444444444444
chao,p7.4.k.txt,102,4,2,508.0,508.0,505.5,3.5355339059327378,0.2910961000015959,0.2910961000015959,8.5,50.0,0.4921259842519685,0.984251968503937
chao,p7.4.l.txt,102,4,2,544.0,544.0,539.0,7.0710678118654755,0.33525980002013966,0.33525980002013966,8.0,50.0,0.9191176470588236,1.8382352941176472
chao,p7.4.m.txt,102,4,2,610.0,610.0,603.5,9.192388155425117,0.286055899981875,0.286055899981875,12.5,50.0,1.0655737704918031,2.1311475409836063
chao,p7.4.n.txt,102,4,2,686.0,686.0,676.5,13.435028842544403,0.28476100001716986,0.28476100001716986,8.5,50.0,1.3848396501457727,2.7696793002915454
chao,p7.4.o.txt,102,4,2,743.0,743.0,735.0,11.313708498984761,0.33021719998214394,0.33021719998214394,15.0,50.0,1.0767160161507403,2.1534320323014806
chao,p7.4.p.txt,102,4,2,801.0,801.0,791.5,13.435028842544403,0.39549904997693375,0.39549904997693375,6.5,50.0,1.1860174781523096,2.3720349563046192
chao,p7.4.q.txt,102,4,2,868.0,868.0,847.0,29.698484809834994,0.41615855001145974,0.41615855001145974,14.0,50.0,2.4193548387096775,4.838709677419355
chao,p7.4.r.txt,102,4,2,898.0,898.0,883.0,21.213203435596427,0.4378373999497853,0.4378373999497853,16.0,50.0,1.670378619153675,3.34075723830735
chao,p7.4.s.txt,102,4,2,969.0,969.0,967.0,2.8284271247461903,0.391213950002566,0.391213950002566,18.5,50.0,0.20639834881320948,0.41279669762641896
chao,p7.4.t.txt,102,4,2,1012.0,1012.0,991.0,29.698484809834994,0.4379596000071615,0.4379596000071615,15.5,50.0,2.075098814229249,4.150197628458498
dang,bier127_gen1_m2.txt,128,2,2,101.0,101.0,101.0,0.0,0.9279911000048742,0.9279911000048742,15.5,100.0,0.0,0.0
dang,bier127_gen1_m3.txt,128,3,2,97.0,97.0,95.5,2.1213203435596424,0.8387685500201769,0.8387685500201769,6.5,50.0,1.5463917525773196,3.0927835051546393
dang,bier127_gen2_m2.txt,128,2,2,5354.0,5354.0,5247.0,151.32085117392117,0.8988463499699719,0.8988463499699719,18.0,50.0,1.998505790063504,3.997011580127008
dang,bier127_gen2_m3.txt,128,3,2,5013.0,5013.0,4982.5,43.1335136523794,0.9094336000271142,0.9094336000271142,13.5,50.0,0.6084181129064433,1.2168362258128866
dang,bier127_gen2_m4.txt,128,4,2,4820.0,4820.0,4745.0,106.06601717798213,0.877031399984844,0.877031399984844,20.0,50.0,1.5560165975103735,3.112033195020747
dang,bier127_gen3_m2.txt,128,2,2,2681.0,2681.0,2672.5,12.020815280171307,0.8561737499549054,0.8561737499549054,15.0,50.0,0.3170458784035807,0.6340917568071615
dang,bier127_gen3_m3.txt,128,3,2,2404.0,2404.0,2370.0,48.08326112068523,0.9309336000005715,0.9309336000005715,13.0,50.0,1.4143094841930115,2.828618968386023
dang,bier127_gen3_m4.txt,128,4,2,2109.0,2109.0,2093.5,21.920310216782973,0.8641814499860629,0.8641814499860629,18.0,50.0,0.734945471787577,1.469890943575154
dang,cmt101c_m3.txt,102,3,2,1230.0,1230.0,1220.0,14.142135623730951,0.41322490002494305,0.41322490002494305,10.0,50.0,0.8130081300813009,1.6260162601626018
dang,cmt151b_m3.txt,152,3,2,1303.0,1303.0,1282.5,28.991378028648448,0.9238443500362337,0.9238443500362337,11.5,50.0,1.5732924021488872,3.1465848042977744
dang,cmt151c_m2.txt,152,2,2,1861.0,1861.0,1842.0,26.870057685088806,1.5687899999902584,1.5687899999902584,18.0,50.0,1.0209564750134337,2.0419129500268673
dang,cmt151c_m3.txt,152,3,2,1773.0,1773.0,1772.5,0.7071067811865476,1.3811389500042424,1.3811389500042424,19.5,50.0,0.028200789622109423,0.05640157924421885
dang,cmt151c_m4.txt,152,4,2,1680.0,1680.0,1675.5,6.363961030678928,1.4611498999875039,1.4611498999875039,16.5,50.0,0.26785714285714285,0.5357142857142857
dang,cmt200b_m2.txt,201,2,2,2007.0,2007.0,1931.5,106.77312395916867,2.4338424500310794,2.4338424500310794,14.5,50.0,3.761833582461385,7.52366716492277
dang,cmt200b_m3.txt,201,3,2,1872.0,1872.0,1870.0,2.8284271247461903,2.3893441999680363,2.3893441999680363,17.5,50.0,0.10683760683760685,0.2136752136752137
dang,cmt200b_m4.txt,201,4,2,1692.0,1692.0,1625.0,94.75230867899737,1.9401193500962108,1.9401193500962108,20.0,50.0,3.959810874704492,7.919621749408984
dang,cmt200c_m2.txt,201,2,2,2721.0,2721.0,2715.0,8.48528137423857,5.445701250049751,5.445701250049751,16.5,50.0,0.2205071664829107,0.4410143329658214
dang,cmt200c_m3.txt,201,3,2,2547.0,2547.0,2507.0,56.568542494923804,7.243142099992838,7.243142099992838,19.5,50.0,1.5704750687082842,3.1409501374165685
dang,cmt200c_m4.txt,201,4,2,2342.0,2342.0,2321.5,28.991378028648448,5.878404650022276,5.878404650022276,13.0,50.0,0.8753202391118702,1.7506404782237404
dang,eil101b_m3.txt,102,3,2,904.0,904.0,890.0,19.79898987322333,0.8673300500377081,0.8673300500377081,18.0,50.0,1.5486725663716814,3.0973451327433628
dang,eil101c_m2.txt,102,2,2,1291.0,1291.0,1277.0,19.79898987322333,1.101565299963113,1.101565299963113,13.5,50.0,1.0844306738962044,2.168861347792409
dang,eil101c_m3.txt,102,3,2,1216.0,1216.0,1200.0,22.627416997969522,1.0030010500340723,1.0030010500340723,16.0,50.0,1.3157894736842104,2.631578947368421
dang,gil262_gen1_m3.txt,263,3,2,84.0,84.0,81.5,3.5355339059327378,5.008633300021756,5.008633300021756,15.0,50.0,2.976190476190476,5.952380952380952
dang,gil262_gen1_m4.txt,263,4,2,73.0,73.0,73.0,0.0,4.606225800001994,4.606225800001994,16.5,100.0,0.0,0.0
dang,gil262_gen2_m2.txt,263,2,2,6664.0,6664.0,6539.0,176.7766952966369,7.5025576000334695,7.5025576000334695,19.0,50.0,1.875750300120048,3.751500600240096
dang,gil262_gen2_m3.txt,263,3,2,5028.0,5028.0,4925.5,144.95689014324225,5.384244849963579,5.384244849963579,19.5,50.0,2.0385839299920447,4.0771678599840895
dang,gil262_gen3_m2.txt,263,2,2,6188.0,6188.0,6041.0,207.88939366884497,9.133377699996345,9.133377699996345,19.0,50.0,2.3755656108597285,4.751131221719457
dang,gil262_gen3_m4.txt,263,4,2,2319.0,2319.0,2219.0,141.4213562373095,7.730711049924139,7.730711049924139,13.5,50.0,4.3122035360068995,8.624407072013799
dang,gil262a_m2.txt,251,2,2,3884.0,3884.0,3813.5,99.7020561473032,6.359922950039618,6.359922950039618,16.5,50.0,1.8151390319258498,3.6302780638516996
dang,gil262a_m4.txt,251,4,2,2944.0,2944.0,2771.5,243.9518395093589,2.563492400047835,2.563492400047835,16.5,50.0,5.859375,11.71875
dang,gil262b_m2.txt,251,2,2,7450.0,7450.0,7263.0,264.45793616376875,6.984080749971326,6.984080749971326,11.5,50.0,2.51006711409396,5.02013422818792
dang,gil262b_m3.txt,251,3,2,6724.0,6724.0,6434.5,409.414826307011,5.12372414994752,5.12372414994752,17.0,50.0,4.305472932778108,8.610945865556216
dang,gil262b_m4.txt,251,4,2,5910.0,5910.0,5875.0,49.49747468305833,4.216957149968948,4.216957149968948,13.0,50.0,0.5922165820642978,1.1844331641285957
dang,gil262c_m2.txt,251,2,2,10238.0,10238.0,10202.5,50.204581464244875,9.19510645000264,9.19510645000264,19.5,50.0,0.3467474116038289,0.6934948232076578
dang,gil262c_m3.txt,251,3,2,9350.0,9350.0,9170.5,253.85133444597056,8.371791600016877,8.371791600016877,19.5,50.0,1.9197860962566846,3.8395721925133692
dang,gil262c_m4.txt,251,4,2,8694.0,8694.0,8425.5,379.716341497176,7.283809100044891,7.283809100044891,20.0,50.0,3.088336783988958,6.176673567977916
dang,gr229_gen1_m4.txt,230,4,2,216.0,216.0,215.5,0.7071067811865476,6.974068799987435,6.974068799987435,9.0,50.0,0.23148148148148145,0.4629629629629629
dang,gr229_gen2_m3.txt,230,3,2,11120.0,11120.0,11120.0,0.0,6.805643550003879,6.805643550003879,0.0,100.0,0.0,0.0
dang,gr229_gen2_m4.txt,230,4,2,11083.0,11083.0,11078.5,6.363961030678928,7.677929699944798,7.677929699944798,15.5,50.0,0.04060272489398178,0.08120544978796355
dang,gr229_gen3_m3.txt,230,3,2,7355.0,7355.0,7355.0,0.0,7.61365349998232,7.61365349998232,0.5,100.0,0.0,0.0
dang,gr229_gen3_m4.txt,230,4,2,7355.0,7355.0,7355.0,0.0,7.441660599957686,7.441660599957686,13.0,100.0,0.0,0.0
dang,kroA150_gen2_m2.txt,151,2,2,4187.0,4187.0,4136.5,71.4177848998413,1.3299677500035614,1.3299677500035614,7.0,50.0,1.2061141628851206,2.4122283257702413
dang,kroA150_gen3_m3.txt,151,3,2,2203.0,2203.0,2188.0,21.213203435596427,1.0084154499927536,1.0084154499927536,18.5,50.0,0.6808896958692692,1.3617793917385383
dang,kroA200_gen1_m4.txt,201,4,2,76.0,76.0,74.5,2.1213203435596424,2.5938833500258625,2.5938833500258625,18.5,50.0,1.9736842105263157,3.9473684210526314
dang,kroB200_gen1_m2.txt,201,2,2,99.0,99.0,96.0,4.242640687119285,2.8631342499284074,2.8631342499284074,9.0,50.0,3.0303030303030303,6.0606060606060606
dang,kroB200_gen2_m2.txt,201,2,2,5607.0,5607.0,5394.0,301.22748878546923,2.8456561499624513,2.8456561499624513,17.5,50.0,3.7988228999464955,7.597645799892991
dang,kroB200_gen2_m4.txt,201,4,2,4141.0,4141.0,4110.0,43.840620433565945,2.4353784500272013,2.4353784500272013,16.5,50.0,0.7486114465105047,1.4972228930210094
dang,kroB200_gen3_m2.txt,201,2,2,3189.0,3189.0,3059.5,183.1406563273158,3.129939599952195,3.129939599952195,18.5,50.0,4.0608341172781435,8.121668234556287
dang,kroB200_gen3_m3.txt,201,3,2,2565.0,2565.0,2397.5,236.88077169749343,2.8959827499929816,2.8959827499929816,19.5,50.0,6.530214424951267,13.060428849902534
dang,lin318_gen1_m2.txt,319,2,2,159.0,159.0,155.5,4.949747468305833,10.972394299926236,10.972394299926236,15.5,50.0,2.20125786163522,4.40251572327044
dang,lin318_gen1_m3.txt,319,3,2,128.0,128.0,127.5,0.7071067811865476,8.033172350027598,8.033172350027598,16.0,50.0,0.390625,0.78125
dang,lin318_gen2_m2.txt,319,2,2,8191.0,8191.0,8153.5,53.033008588991066,11.888922449958045,11.888922449958045,15.5,50.0,0.45781955805151997,0.9156391161030399
dang,lin318_gen2_m3.txt,319,3,2,7102.0,7102.0,6846.0,362.03867196751236,9.049120199983008,9.049120199983008,16.5,50.0,3.604618417347226,7.209236834694452
dang,lin318_gen3_m2.txt,319,2,2,6471.0,6471.0,6370.5,142.12846301849606,12.057127649954055,12.057127649954055,13.5,50.0,1.5530829856281874,3.1061659712563747
dang,lin318_gen3_m4.txt,319,4,2,3367.0,3367.0,3148.5,309.00566337852126,11.798553149972577,11.798553149972577,7.0,50.0,6.489456489456489,12.978912978912978
dang,pr136_gen1_m2.txt,137,2,2,59.0,59.0,58.5,0.7071067811865476,1.2719848999986425,1.2719848999986425,6.0,50.0,0.847457627118644,1.694915254237288
dang,pr136_gen2_m2.txt,137,2,2,3540.0,3540.0,3513.5,37.476659402887016,1.1725451499805786,1.1725451499805786,10.5,50.0,0.748587570621469,1.497175141242938
dang,pr264_gen1_m4.txt,265,4,2,99.0,99.0,92.0,9.899494936611665,4.0812631999724545,4.0812631999724545,7.5,50.0,7.07070707070707,14.14141414141414
dang,pr264_gen2_m2.txt,265,2,2,6486.0,6486.0,6455.0,43.840620433565945,6.835082850011531,6.835082850011531,18.5,50.0,0.4779525131051496,0.9559050262102992
dang,pr264_gen2_m3.txt,265,3,2,6117.0,6117.0,5933.5,259.50818869546293,9.132200049993116,9.132200049993116,8.5,50.0,2.9998365211705083,5.9996730423410165
dang,pr264_gen2_m4.txt,265,4,2,5068.0,5068.0,5014.0,76.36753236814714,5.955561100039631,5.955561100039631,16.0,50.0,1.0655090765588004,2.131018153117601
dang,pr264_gen3_m3.txt,265,3,2,2430.0,2430.0,2430.0,0.0,7.7975186499534175,7.7975186499534175,1.5,100.0,0.0,0.0
dang,pr299_gen1_m2.txt,300,2,2,129.0,129.0,126.0,4.242640687119285,10.711669050040655,10.711669050040655,13.5,50.0,2.3255813953488373,4.651162790697675
dang,pr299_gen1_m3.txt,300,3,2,103.0,103.0,102.5,0.7071067811865476,7.654177099990193,7.654177099990193,12.5,50.0,0.48543689320388345,0.9708737864077669
dang,pr299_gen1_m4.txt,300,4,2,77.0,77.0,76.5,0.7071067811865476,5.723028999986127,5.723028999986127,10.0,50.0,0.6493506493506493,1.2987012987012987
dang,pr299_gen2_m3.txt,300,3,2,5546.0,5546.0,5433.5,159.0990257669732,8.310404299991205,8.310404299991205,16.5,50.0,2.028489001081861,4.056978002163722
dang,pr299_gen2_m4.txt,300,4,2,4129.0,4129.0,4058.5,99.7020561473032,5.549184400006197,5.549184400006197,12.5,50.0,1.7074352143376121,3.4148704286752243
dang,pr299_gen3_m2.txt,300,2,2,4987.0,4987.0,4928.0,83.43860018001261,12.103406199952587,12.103406199952587,18.5,50.0,1.1830759975937437,2.3661519951874874
dang,pr299_gen3_m3.txt,300,3,2,3144.0,3144.0,3040.5,146.37110370561533,8.954882649995852,8.954882649995852,18.5,50.0,3.2919847328244276,6.583969465648855
dang,pr299_gen3_m4.txt,300,4,2,2152.0,2152.0,2087.0,91.92388155425118,6.4166272999718785,6.4166272999718785,10.5,50.0,3.020446096654275,6.04089219330855
dang,rat195_gen2_m2.txt,196,2,2,4675.0,4675.0,4639.5,50.204581464244875,3.369790050026495,3.369790050026495,17.0,50.0,0.7593582887700534,1.5187165775401068
dang,rat195_gen3_m3.txt,196,3,2,2450.0,2450.0,2405.0,63.63961030678928,3.454871900030412,3.454871900030412,15.5,50.0,1.8367346938775513,3.6734693877551026
dang,rd400_gen1_m2.txt,401,2,2,206.0,206.0,205.5,0.7071067811865476,35.51657279994106,35.51657279994106,18.5,50.0,0.24271844660194172,0.48543689320388345
dang,rd400_gen1_m3.txt,401,3,2,195.0,195.0,193.5,2.1213203435596424,19.403058900032192,19.403058900032192,19.0,50.0,0.7692307692307693,1.5384615384615385
dang,rd400_gen1_m4.txt,401,4,2,192.0,192.0,186.0,8.48528137423857,14.792804550030269,14.792804550030269,20.0,50.0,3.125,6.25
dang,rd400_gen2_m2.txt,401,2,2,11835.0,11835.0,11203.0,893.7829714197961,17.880496500001755,17.880496500001755,17.0,50.0,5.340092944655683,10.680185889311366
dang,rd400_gen2_m3.txt,401,3,2,11073.0,11073.0,10741.0,469.51890270786754,16.832721199956723,16.832721199956723,19.0,50.0,2.9982841145127788,5.9965682290255575
dang,rd400_gen2_m4.txt,401,4,2,9886.0,9886.0,9857.5,40.30508652763321,14.957689050002955,14.957689050002955,20.0,50.0,0.28828646570908356,0.5765729314181671
dang,rd400_gen3_m2.txt,401,2,2,11044.0,11044.0,10507.5,758.7255762131655,19.09080099995481,19.09080099995481,19.5,50.0,4.857841361825425,9.71568272365085
dang,rd400_gen3_m3.txt,401,3,2,10026.0,10026.0,9625.5,566.3925317304246,18.050225700018927,18.050225700018927,16.0,50.0,3.9946140035906645,7.989228007181329
dang,rd400_gen3_m4.txt,401,4,2,8412.0,8412.0,8117.0,417.19300090006305,16.162856299954,16.162856299954,15.5,50.0,3.5068949120304325,7.013789824060865
dang,ts225_gen2_m2.txt,226,2,2,5213.0,5213.0,5032.0,255.9726547895302,2.386779100052081,2.386779100052081,14.0,50.0,3.4720890082486093,6.944178016497219
vansteenwegen,bier127_gen1_m2.txt,128,2,2,101.0,101.0,101.0,0.0,0.9452549500274472,0.9452549500274472,15.5,100.0,0.0,0.0
vansteenwegen,bier127_gen1_m3.txt,128,3,2,97.0,97.0,95.5,2.1213203435596424,0.9469824500847608,0.9469824500847608,6.5,50.0,1.5463917525773196,3.0927835051546393
vansteenwegen,bier127_gen2_m2.txt,128,2,2,5354.0,5354.0,5247.0,151.32085117392117,0.8773295499850065,0.8773295499850065,18.0,50.0,1.998505790063504,3.997011580127008
vansteenwegen,bier127_gen2_m3.txt,128,3,2,5013.0,5013.0,4982.5,43.1335136523794,0.8915027999901213,0.8915027999901213,13.5,50.0,0.6084181129064433,1.2168362258128866
vansteenwegen,bier127_gen2_m4.txt,128,4,2,4820.0,4820.0,4745.0,106.06601717798213,0.93700750003336,0.93700750003336,20.0,50.0,1.5560165975103735,3.112033195020747
vansteenwegen,bier127_gen3_m2.txt,128,2,2,2681.0,2681.0,2672.5,12.020815280171307,0.8700627499492839,0.8700627499492839,15.0,50.0,0.3170458784035807,0.6340917568071615
vansteenwegen,bier127_gen3_m3.txt,128,3,2,2404.0,2404.0,2370.0,48.08326112068523,1.0038702500169165,1.0038702500169165,13.0,50.0,1.4143094841930115,2.828618968386023
vansteenwegen,bier127_gen3_m4.txt,128,4,2,2109.0,2109.0,2093.5,21.920310216782973,1.0426623999373987,1.0426623999373987,18.0,50.0,0.734945471787577,1.469890943575154
vansteenwegen,cmt101c_m3.txt,102,3,2,1230.0,1230.0,1220.0,14.142135623730951,0.4191815000376664,0.4191815000376664,10.0,50.0,0.8130081300813009,1.6260162601626018
vansteenwegen,cmt151b_m3.txt,152,3,2,1303.0,1303.0,1282.5,28.991378028648448,0.9728181500104256,0.9728181500104256,11.5,50.0,1.5732924021488872,3.1465848042977744
vansteenwegen,cmt151c_m2.txt,152,2,2,1861.0,1861.0,1842.0,26.870057685088806,1.5326401499914937,1.5326401499914937,18.0,50.0,1.0209564750134337,2.0419129500268673
vansteenwegen,cmt151c_m3.txt,152,3,2,1773.0,1773.0,1772.5,0.7071067811865476,1.3619148500147276,1.3619148500147276,19.5,50.0,0.028200789622109423,0.05640157924421885
vansteenwegen,cmt151c_m4.txt,152,4,2,1680.0,1680.0,1675.5,6.363961030678928,1.44043335004244,1.44043335004244,16.5,50.0,0.26785714285714285,0.5357142857142857
vansteenwegen,cmt200b_m2.txt,201,2,2,2007.0,2007.0,1931.5,106.77312395916867,2.4826798500143923,2.4826798500143923,14.5,50.0,3.761833582461385,7.52366716492277
vansteenwegen,cmt200b_m3.txt,201,3,2,1872.0,1872.0,1870.0,2.8284271247461903,2.4133297000080347,2.4133297000080347,17.5,50.0,0.10683760683760685,0.2136752136752137
vansteenwegen,cmt200b_m4.txt,201,4,2,1692.0,1692.0,1625.0,94.75230867899737,2.005441800050903,2.005441800050903,20.0,50.0,3.959810874704492,7.919621749408984
vansteenwegen,cmt200c_m2.txt,201,2,2,2721.0,2721.0,2715.0,8.48528137423857,3.5329029000131413,3.5329029000131413,16.5,50.0,0.2205071664829107,0.4410143329658214
vansteenwegen,cmt200c_m3.txt,201,3,2,2547.0,2547.0,2507.0,56.568542494923804,3.131301350018475,3.131301350018475,19.5,50.0,1.5704750687082842,3.1409501374165685
vansteenwegen,cmt200c_m4.txt,201,4,2,2342.0,2342.0,2321.5,28.991378028648448,3.102316599979531,3.102316599979531,13.0,50.0,0.8753202391118702,1.7506404782237404
vansteenwegen,eil101b_m3.txt,102,3,2,904.0,904.0,890.0,19.79898987322333,0.3437925499747507,0.3437925499747507,18.0,50.0,1.5486725663716814,3.0973451327433628
vansteenwegen,eil101c_m2.txt,102,2,2,1291.0,1291.0,1277.0,19.79898987322333,0.43757715000538155,0.43757715000538155,13.5,50.0,1.0844306738962044,2.168861347792409
vansteenwegen,eil101c_m3.txt,102,3,2,1216.0,1216.0,1200.0,22.627416997969522,0.5054309999686666,0.5054309999686666,16.0,50.0,1.3157894736842104,2.631578947368421
vansteenwegen,gil262_gen1_m3.txt,263,3,2,84.0,84.0,81.5,3.5355339059327378,2.553339199977927,2.553339199977927,15.0,50.0,2.976190476190476,5.952380952380952
vansteenwegen,gil262_gen1_m4.txt,263,4,2,73.0,73.0,73.0,0.0,2.276392899977509,2.276392899977509,16.5,100.0,0.0,0.0
vansteenwegen,gil262_gen2_m2.txt,263,2,2,6664.0,6664.0,6539.0,176.7766952966369,4.000998799980152,4.000998799980152,19.0,50.0,1.875750300120048,3.751500600240096
vansteenwegen,gil262_gen2_m3.txt,263,3,2,5028.0,5028.0,4925.5,144.95689014324225,2.8777201999910176,2.8777201999910176,19.5,50.0,2.0385839299920447,4.0771678599840895
vansteenwegen,gil262_gen3_m2.txt,263,2,2,6188.0,6188.0,6041.0,207.88939366884497,4.588835450005718,4.588835450005718,19.0,50.0,2.3755656108597285,4.751131221719457
vansteenwegen,gil262_gen3_m4.txt,263,4,2,2319.0,2319.0,2219.0,141.4213562373095,2.493883849994745,2.493883849994745,13.5,50.0,4.3122035360068995,8.624407072013799
vansteenwegen,gil262a_m2.txt,251,2,2,3884.0,3884.0,3813.5,99.7020561473032,1.7224734500050545,1.7224734500050545,16.5,50.0,1.8151390319258498,3.6302780638516996
vansteenwegen,gil262a_m4.txt,251,4,2,2944.0,2944.0,2771.5,243.9518395093589,1.3887423499836586,1.3887423499836586,16.5,50.0,5.859375,11.71875
vansteenwegen,gil262b_m2.txt,251,2,2,7450.0,7450.0,7263.0,264.45793616376875,4.333719449990895,4.333719449990895,11.5,50.0,2.51006711409396,5.02013422818792
vansteenwegen,gil262b_m3.txt,251,3,2,6724.0,6724.0,6434.5,409.414826307011,3.9425269500352442,3.9425269500352442,17.0,50.0,4.305472932778108,8.610945865556216
vansteenwegen,gil262b_m4.txt,251,4,2,5910.0,5910.0,5875.0,49.49747468305833,3.906311300001107,3.906311300001107,13.0,50.0,0.5922165820642978,1.1844331641285957
vansteenwegen,gil262c_m2.txt,251,2,2,10238.0,10238.0,10202.5,50.204581464244875,6.705971949966624,6.705971949966624,19.5,50.0,0.3467474116038289,0.6934948232076578
vansteenwegen,gil262c_m3.txt,251,3,2,9350.0,9350.0,9170.5,253.85133444597056,5.863301100034732,5.863301100034732,19.5,50.0,1.9197860962566846,3.8395721925133692
vansteenwegen,gil262c_m4.txt,251,4,2,8694.0,8694.0,8425.5,379.716341497176,5.486991499958094,5.486991499958094,20.0,50.0,3.088336783988958,6.176673567977916
vansteenwegen,gr229_gen1_m4.txt,230,4,2,216.0,216.0,215.5,0.7071067811865476,5.065167499997187,5.065167499997187,9.0,50.0,0.23148148148148145,0.4629629629629629
vansteenwegen,gr229_gen2_m3.txt,230,3,2,11120.0,11120.0,11120.0,0.0,5.397621349955443,5.397621349955443,0.0,100.0,0.0,0.0
vansteenwegen,gr229_gen2_m4.txt,230,4,2,11083.0,11083.0,11078.5,6.363961030678928,5.044421200000215,5.044421200000215,15.5,50.0,0.04060272489398178,0.08120544978796355
vansteenwegen,gr229_gen3_m3.txt,230,3,2,7355.0,7355.0,7355.0,0.0,5.494947950006463,5.494947950006463,0.5,100.0,0.0,0.0
vansteenwegen,gr229_gen3_m4.txt,230,4,2,7355.0,7355.0,7355.0,0.0,4.9715861000004224,4.9715861000004224,13.0,100.0,0.0,0.0
vansteenwegen,kroA150_gen2_m2.txt,151,2,2,4187.0,4187.0,4136.5,71.4177848998413,0.9758890499942936,0.9758890499942936,7.0,50.0,1.2061141628851206,2.4122283257702413
vansteenwegen,kroA150_gen3_m3.txt,151,3,2,2203.0,2203.0,2188.0,21.213203435596427,0.7232069000019692,0.7232069000019692,18.5,50.0,0.6808896958692692,1.3617793917385383
vansteenwegen,kroA200_gen1_m4.txt,201,4,2,76.0,76.0,74.5,2.1213203435596424,1.8564569500740618,1.8564569500740618,18.5,50.0,1.9736842105263157,3.9473684210526314
vansteenwegen,kroB200_gen1_m2.txt,201,2,2,99.0,99.0,96.0,4.242640687119285,2.3354330999427475,2.3354330999427475,9.0,50.0,3.0303030303030303,6.0606060606060606
vansteenwegen,kroB200_gen2_m2.txt,201,2,2,5607.0,5607.0,5394.0,301.22748878546923,2.1516840999829583,2.1516840999829583,17.5,50.0,3.7988228999464955,7.597645799892991
vansteenwegen,kroB200_gen2_m4.txt,201,4,2,4141.0,4141.0,4110.0,43.840620433565945,1.5169455999857746,1.5169455999857746,16.5,50.0,0.7486114465105047,1.4972228930210094
vansteenwegen,kroB200_gen3_m2.txt,201,2,2,3189.0,3189.0,3059.5,183.1406563273158,2.216851699980907,2.216851699980907,18.5,50.0,4.0608341172781435,8.121668234556287
vansteenwegen,kroB200_gen3_m3.txt,201,3,2,2565.0,2565.0,2397.5,236.88077169749343,2.013103350007441,2.013103350007441,19.5,50.0,6.530214424951267,13.060428849902534
vansteenwegen,pr136_gen1_m2.txt,137,2,2,59.0,59.0,58.0,1.4142135623730951,0.567535899928771,0.567535899928771,8.0,50.0,1.694915254237288,3.389830508474576
vansteenwegen,pr136_gen2_m2.txt,137,2,2,3512.0,3512.0,3423.5,125.15790027001891,0.6250817999825813,0.6250817999825813,16.5,50.0,2.5199316628701594,5.039863325740319
vansteenwegen,pr264_gen1_m4.txt,265,4,2,99.0,99.0,99.0,0.0,3.7225406000507064,3.7225406000507064,10.0,100.0,0.0,0.0
vansteenwegen,pr264_gen2_m2.txt,265,2,2,6516.0,6516.0,6484.5,44.54772721475249,5.974397350044455,5.974397350044455,14.0,50.0,0.48342541436464087,0.9668508287292817
vansteenwegen,pr264_gen2_m3.txt,265,3,2,6293.0,6293.0,6128.0,233.3452377915607,4.190312949940562,4.190312949940562,18.0,50.0,2.6219609089464484,5.243921817892897
vansteenwegen,pr264_gen2_m4.txt,265,4,2,5321.0,5321.0,5224.5,136.47160876900367,3.5815621499787085,3.5815621499787085,18.0,50.0,1.8135688780304453,3.6271377560608906
vansteenwegen,pr264_gen3_m3.txt,265,3,2,2430.0,2430.0,2414.5,21.920310216782973,4.338940199930221,4.338940199930221,3.0,50.0,0.6378600823045267,1.2757201646090535
vansteenwegen,pr299_gen1_m2.txt,300,2,2,131.0,131.0,130.0,1.4142135623730951,5.576286600029562,5.576286600029562,16.5,50.0,0.7633587786259541,1.5267175572519083
vansteenwegen,pr299_gen1_m3.txt,300,3,2,105.0,105.0,100.0,7.0710678118654755,3.8981141499825753,3.8981141499825753,13.0,50.0,4.761904761904762,9.523809523809524
vansteenwegen,pr299_gen1_m4.txt,300,4,2,81.0,81.0,78.0,4.242640687119285,2.9974424499669112,2.9974424499669112,4.5,50.0,3.7037037037037033,7.4074074074074066
vansteenwegen,pr299_gen2_m3.txt,300,3,2,5415.0,5415.0,5261.0,217.78888860545663,4.070009849965572,4.070009849965572,18.5,50.0,2.8439519852262234,5.687903970452447
vansteenwegen,pr299_gen2_m4.txt,300,4,2,4313.0,4313.0,4174.5,195.86857838867365,3.0864132500137202,3.0864132500137202,10.0,50.0,3.211221887317413,6.422443774634826
vansteenwegen,pr299_gen3_m2.txt,300,2,2,4594.0,4594.0,4562.5,44.54772721475249,6.064272849995177,6.064272849995177,19.0,50.0,0.6856769699608184,1.3713539399216368
vansteenwegen,pr299_gen3_m3.txt,300,3,2,3237.0,3237.0,3149.0,124.45079348883236,4.323261150042526,4.323261150042526,19.5,50.0,2.718566573988261,5.437133147976522
vansteenwegen,pr299_gen3_m4.txt,300,4,2,2091.0,2091.0,1924.0,236.17366491630688,2.944766249973327,2.944766249973327,13.0,50.0,7.986609277857484,15.973218555714968
vansteenwegen,rat195_gen2_m2.txt,196,2,2,4798.0,4798.0,4707.5,127.9863273947651,1.5076959999860264,1.5076959999860264,14.0,50.0,1.8862025844101709,3.7724051688203417
vansteenwegen,rat195_gen3_m3.txt,196,3,2,2352.0,2352.0,2237.5,161.92745289171938,1.6630787000176497,1.6630787000176497,17.0,50.0,4.868197278911564,9.736394557823129
vansteenwegen,ts225_gen2_m2.txt,226,2,2,5644.0,5644.0,5397.0,349.31074990615446,2.5616700000246055,2.5616700000246055,16.5,50.0,4.376328844790929,8.752657689581858
