dataset,instance,num_nodes_base,team_size_base,runs_base,reference_best_score_base,best_score_base,mean_score_base,std_score_base,mean_cpu_time_seconds_base,median_cpu_time_seconds_base,mean_lp_solves_base,mean_labels_generated_base,success_rate_percent_base,mean_gap_to_reference_best_percent_base,max_gap_to_reference_best_percent_base,num_nodes_improved,team_size_improved,runs_improved,reference_best_score_improved,best_score_improved,mean_score_improved,std_score_improved,mean_cpu_time_seconds_improved,median_cpu_time_seconds_improved,mean_lp_solves_improved,mean_labels_generated_improved,success_rate_percent_improved,mean_gap_to_reference_best_percent_improved,max_gap_to_reference_best_percent_improved,score_delta,cpu_delta,gap_delta
chao,p4.2.a.txt,100,2,1,153.0,153.0,153.0,0.0,0.2273244999814778,0.2273244999814778,2.0,87472.0,100.0,0.0,0.0,100,2,2,153.0,153.0,153.0,0.0,0.8335769500117749,0.8335769500117749,6.0,262416.0,100.0,0.0,0.0,0.0,0.606252450030297,0.0
chao,p4.2.b.txt,100,2,1,214.0,214.0,214.0,0.0,0.4213703999994322,0.4213703999994322,2.0,265232.0,100.0,0.0,0.0,100,2,2,214.0,214.0,214.0,0.0,1.603259000054095,1.603259000054095,6.0,795696.0,100.0,0.0,0.0,0.0,1.1818886000546627,0.0
chao,p4.2.c.txt,100,2,1,269.0,269.0,269.0,0.0,0.657276300014928,0.657276300014928,2.0,360360.0,100.0,0.0,0.0,100,2,2,269.0,269.0,269.0,0.0,3.480167150089983,3.480167150089983,6.0,1081080.0,100.0,0.0,0.0,0.0,2.822890850075055,0.0
chao,p4.2.d.txt,100,2,1,302.0,302.0,302.0,0.0,0.8974118999904022,0.8974118999904022,2.0,360360.0,100.0,0.0,0.0,100,2,2,302.0,302.0,302.0,0.0,4.792920249979943,4.792920249979943,6.0,1081080.0,100.0,0.0,0.0,0.0,3.895508349989541,0.0
chao,p4.2.e.txt,100,2,1,340.0,340.0,340.0,0.0,1.1412970999954268,1.1412970999954268,2.0,526592.0,100.0,0.0,0.0,100,2,2,340.0,340.0,340.0,0.0,6.4281002499046735,6.4281002499046735,6.0,1579776.0,100.0,0.0,0.0,0.0,5.286803149909247,0.0
chao,p4.2.f.txt,100,2,1,371.0,371.0,371.0,0.0,1.79014559998177,1.79014559998177,2.0,652080.0,100.0,0.0,0.0,100,2,2,371.0,371.0,371.0,0.0,8.370399849954993,8.370399849954993,6.0,1956240.0,100.0,0.0,0.0,0.0,6.580254249973223,0.0
chao,p4.2.g.txt,100,2,1,398.0,398.0,398.0,0.0,1.6013526000315323,1.6013526000315323,2.0,652080.0,100.0,0.0,0.0,100,2,2,398.0,398.0,398.0,0.0,8.755479099985678,8.755479099985678,6.0,1956240.0,100.0,0.0,0.0,0.0,7.154126499954145,0.0
chao,p4.2.h.txt,100,2,1,415.0,415.0,415.0,0.0,1.8041497999802232,1.8041497999802232,2.0,652080.0,100.0,0.0,0.0,100,2,2,415.0,415.0,415.0,0.0,10.013559650047682,10.013559650047682,6.0,1956240.0,100.0,0.0,0.0,0.0,8.209409850067459,0.0
chao,p4.2.i.txt,100,2,1,415.0,415.0,415.0,0.0,2.3692773000802845,2.3692773000802845,2.0,652080.0,100.0,0.0,0.0,100,2,2,415.0,415.0,415.0,0.0,14.760703500069212,14.760703500069212,6.0,1956240.0,100.0,0.0,0.0,0.0,12.391426199988928,0.0
chao,p4.2.j.txt,100,2,1,415.0,415.0,415.0,0.0,2.0406253000255674,2.0406253000255674,2.0,652080.0,100.0,0.0,0.0,100,2,2,415.0,415.0,415.0,0.0,12.118966599926353,12.118966599926353,6.0,1956240.0,100.0,0.0,0.0,0.0,10.078341299900785,0.0
chao,p4.2.k.txt,100,2,1,415.0,415.0,415.0,0.0,2.109841800061986,2.109841800061986,2.0,652080.0,100.0,0.0,0.0,100,2,2,415.0,415.0,415.0,0.0,10.864056050020736,10.864056050020736,6.0,1956240.0,100.0,0.0,0.0,0.0,8.75421424995875,0.0
chao,p4.2.l.txt,100,2,1,415.0,415.0,415.0,0.0,2.1370571999577805,2.1370571999577805,2.0,652080.0,100.0,0.0,0.0,100,2,2,415.0,415.0,415.0,0.0,18.33624614990549,18.33624614990549,6.0,1956240.0,100.0,0.0,0.0,0.0,16.19918894994771,0.0
chao,p4.2.m.txt,100,2,1,415.0,415.0,415.0,0.0,2.1203336999751627,2.1203336999751627,2.0,652080.0,100.0,0.0,0.0,100,2,2,415.0,415.0,415.0,0.0,16.918839699937962,16.918839699937962,6.0,1956240.0,100.0,0.0,0.0,0.0,14.7985059999628,0.0
chao,p4.2.n.txt,100,2,1,415.0,415.0,415.0,0.0,2.2185309999622405,2.2185309999622405,2.0,652080.0,100.0,0.0,0.0,100,2,2,415.0,415.0,415.0,0.0,14.932634899916591,14.932634899916591,6.0,1956240.0,100.0,0.0,0.0,0.0,12.71410389995435,0.0
chao,p4.2.o.txt,100,2,1,415.0,415.0,415.0,0.0,2.053682000027038,2.053682000027038,2.0,652080.0,100.0,0.0,0.0,100,2,2,415.0,415.0,415.0,0.0,14.173309800040442,14.173309800040442,6.0,1956240.0,100.0,0.0,0.0,0.0,12.119627800013404,0.0
chao,p4.2.p.txt,100,2,1,415.0,415.0,415.0,0.0,2.2245958000421524,2.2245958000421524,2.0,652080.0,100.0,0.0,0.0,100,2,2,415.0,415.0,415.0,0.0,13.904059550026432,13.904059550026432,6.0,1956240.0,100.0,0.0,0.0,0.0,11.67946374998428,0.0
chao,p4.2.q.txt,100,2,1,415.0,415.0,415.0,0.0,2.0545326999854296,2.0545326999854296,2.0,652080.0,100.0,0.0,0.0,100,2,2,415.0,415.0,415.0,0.0,14.47947350004688,14.47947350004688,6.0,1956240.0,100.0,0.0,0.0,0.0,12.424940800061451,0.0
chao,p4.2.r.txt,100,2,1,415.0,415.0,415.0,0.0,2.030996200046502,2.030996200046502,2.0,652080.0,100.0,0.0,0.0,100,2,2,415.0,415.0,415.0,0.0,12.387809399981052,12.387809399981052,6.0,1956240.0,100.0,0.0,0.0,0.0,10.35681319993455,0.0
chao,p4.2.s.txt,100,2,1,415.0,415.0,415.0,0.0,2.288225399912335,2.288225399912335,2.0,652080.0,100.0,0.0,0.0,100,2,2,415.0,415.0,415.0,0.0,11.584547800011933,11.584547800011933,6.0,1956240.0,100.0,0.0,0.0,0.0,9.296322400099598,0.0
chao,p4.2.t.txt,100,2,1,415.0,415.0,415.0,0.0,2.0125108000356704,2.0125108000356704,2.0,652080.0,100.0,0.0,0.0,100,2,2,415.0,415.0,415.0,0.0,9.78196064993972,9.78196064993972,6.0,1956240.0,100.0,0.0,0.0,0.0,7.769449849904049,0.0
chao,p4.3.a.txt,100,3,1,0.0,0.0,0.0,0.0,0.0693156999768689,0.0693156999768689,1.0,2156.0,100.0,0.0,0.0,100,3,2,0.0,0.0,0.0,0.0,0.1192171499715186,0.1192171499715186,3.0,6468.0,100.0,0.0,0.0,0.0,0.049901449994649696,0.0
chao,p4.3.b.txt,100,3,1,38.0,38.0,38.0,0.0,0.0765374000184238,0.0765374000184238,1.0,6424.0,100.0,0.0,0.0,100,3,2,38.0,38.0,38.0,0.0,0.138790400000289,0.138790400000289,3.0,19272.0,100.0,0.0,0.0,0.0,0.062252999981865204,0.0
chao,p4.3.c.txt,100,3,1,150.0,150.0,150.0,0.0,0.1790872000856325,0.1790872000856325,2.0,115808.0,100.0,0.0,0.0,100,3,2,150.0,150.0,150.0,0.0,0.5391615499393083,0.5391615499393083,6.0,347424.0,100.0,0.0,0.0,0.0,0.3600743498536758,0.0
chao,p4.3.d.txt,100,3,1,280.0,280.0,280.0,0.0,1.1159990000305695,1.1159990000305695,12.0,835912.0,100.0,0.0,0.0,100,3,2,280.0,280.0,280.0,0.0,5.358188100042753,5.358188100042753,36.0,2507736.0,100.0,0.0,0.0,0.0,4.242189100012183,0.0
chao,p4.3.e.txt,100,3,1,261.0,261.0,261.0,0.0,0.467356999986805,0.467356999986805,2.0,265232.0,100.0,0.0,0.0,100,3,2,261.0,261.0,261.0,0.0,1.9729074000497349,1.9729074000497349,6.0,795696.0,100.0,0.0,0.0,0.0,1.5055504000629298,0.0
chao,p4.3.f.txt,100,3,1,304.0,304.0,304.0,0.0,0.7376429000869393,0.7376429000869393,2.0,360360.0,100.0,0.0,0.0,100,3,2,304.0,304.0,304.0,0.0,3.283804600010626,3.283804600010626,6.0,1081080.0,100.0,0.0,0.0,0.0,2.5461616999236867,0.0
chao,p4.3.g.txt,100,3,1,342.0,342.0,342.0,0.0,5.192056200001389,5.192056200001389,12.0,2155142.0,100.0,0.0,0.0,100,3,2,342.0,342.0,342.0,0.0,17.69787114992505,17.69787114992505,36.0,6465426.0,100.0,0.0,0.0,0.0,12.50581494992366,0.0
chao,p4.3.h.txt,100,3,1,349.0,349.0,349.0,0.0,1.6633871999802068,1.6633871999802068,2.0,360360.0,100.0,0.0,0.0,100,3,2,349.0,349.0,349.0,0.0,5.053389300010167,5.053389300010167,6.0,1081080.0,100.0,0.0,0.0,0.0,3.3900021000299603,0.0
chao,p4.3.i.txt,100,3,1,378.0,378.0,378.0,0.0,2.022310600033961,2.022310600033961,2.0,468160.0,100.0,0.0,0.0,100,3,2,378.0,378.0,378.0,0.0,6.099643000052311,6.099643000052311,6.0,1404480.0,100.0,0.0,0.0,0.0,4.077332400018351,0.0
chao,p4.3.j.txt,100,3,1,403.0,403.0,403.0,0.0,2.392439000075683,2.392439000075683,2.0,652080.0,100.0,0.0,0.0,100,3,2,403.0,403.0,403.0,0.0,7.099555899971165,7.099555899971165,6.0,1956240.0,100.0,0.0,0.0,0.0,4.707116899895482,0.0
chao,p4.3.k.txt,100,3,1,419.0,419.0,419.0,0.0,2.639983500004746,2.639983500004746,2.0,652080.0,100.0,0.0,0.0,100,3,2,419.0,419.0,419.0,0.0,7.807127600070089,7.807127600070089,6.0,1956240.0,100.0,0.0,0.0,0.0,5.167144100065343,0.0
chao,p4.3.l.txt,100,3,1,443.0,443.0,443.0,0.0,2.5136465000687167,2.5136465000687167,2.0,652080.0,100.0,0.0,0.0,100,3,2,443.0,443.0,443.0,0.0,8.576095399970654,8.576095399970654,6.0,1956240.0,100.0,0.0,0.0,0.0,6.062448899901938,0.0
chao,p4.3.m.txt,100,3,1,453.0,453.0,453.0,0.0,2.7717108000069857,2.7717108000069857,2.0,652080.0,100.0,0.0,0.0,100,3,2,453.0,453.0,453.0,0.0,8.927101150038652,8.927101150038652,6.0,1956240.0,100.0,0.0,0.0,0.0,6.1553903500316665,0.0
chao,p4.3.n.txt,100,3,1,463.0,463.0,463.0,0.0,2.884726700023748,2.884726700023748,2.0,652080.0,100.0,0.0,0.0,100,3,2,463.0,463.0,463.0,0.0,9.7106293499819,9.7106293499819,6.0,1956240.0,100.0,0.0,0.0,0.0,6.825902649958152,0.0
chao,p4.3.o.txt,100,3,1,463.0,463.0,463.0,0.0,3.365507200011052,3.365507200011052,2.0,652080.0,100.0,0.0,0.0,100,3,2,463.0,463.0,463.0,0.0,9.306060299975798,9.306060299975798,6.0,1956240.0,100.0,0.0,0.0,0.0,5.940553099964745,0.0
chao,p4.3.p.txt,100,3,1,463.0,463.0,463.0,0.0,3.376234799972736,3.376234799972736,2.0,652080.0,100.0,0.0,0.0,100,3,2,463.0,463.0,463.0,0.0,9.55280440003844,9.55280440003844,6.0,1956240.0,100.0,0.0,0.0,0.0,6.176569600065704,0.0
chao,p4.3.q.txt,100,3,1,463.0,463.0,463.0,0.0,3.4239156999392435,3.4239156999392435,2.0,652080.0,100.0,0.0,0.0,100,3,2,463.0,463.0,463.0,0.0,10.163046000059694,10.163046000059694,6.0,1956240.0,100.0,0.0,0.0,0.0,6.739130300120451,0.0
chao,p4.3.r.txt,100,3,1,463.0,463.0,463.0,0.0,3.553894400014542,3.553894400014542,2.0,652080.0,100.0,0.0,0.0,100,3,2,463.0,463.0,463.0,0.0,10.009217150043696,10.009217150043696,6.0,1956240.0,100.0,0.0,0.0,0.0,6.455322750029154,0.0
chao,p4.3.s.txt,100,3,1,463.0,463.0,463.0,0.0,3.645152200013399,3.645152200013399,2.0,652080.0,100.0,0.0,0.0,100,3,2,463.0,463.0,463.0,0.0,9.83963359997142,9.83963359997142,6.0,1956240.0,100.0,0.0,0.0,0.0,6.19448139995802,0.0
chao,p4.3.t.txt,100,3,1,463.0,463.0,463.0,0.0,3.63153280003462,3.63153280003462,2.0,652080.0,100.0,0.0,0.0,100,3,2,463.0,463.0,463.0,0.0,8.18143155000871,8.18143155000871,6.0,1956240.0,100.0,0.0,0.0,0.0,4.549898749974091,0.0
chao,p4.4.a.txt,100,4,1,0.0,0.0,0.0,0.0,0.0739258000394329,0.0739258000394329,1.0,2156.0,100.0,0.0,0.0,100,4,2,0.0,0.0,0.0,0.0,0.1195320000988431,0.1195320000988431,3.0,6468.0,100.0,0.0,0.0,0.0,0.0456062000594102,0.0
chao,p4.4.b.txt,100,4,1,0.0,0.0,0.0,0.0,0.0476824999786913,0.0476824999786913,1.0,2156.0,100.0,0.0,0.0,100,4,2,0.0,0.0,0.0,0.0,0.1155723499832674,0.1155723499832674,3.0,6468.0,100.0,0.0,0.0,0.0,0.0678898500045761,0.0
chao,p4.4.c.txt,100,4,1,0.0,0.0,0.0,0.0,0.0388707999372854,0.0388707999372854,1.0,2156.0,100.0,0.0,0.0,100,4,2,0.0,0.0,0.0,0.0,0.1279508500592783,0.1279508500592783,3.0,6468.0,100.0,0.0,0.0,0.0,0.08908005012199291,0.0
chao,p4.4.d.txt,100,4,1,38.0,38.0,38.0,0.0,0.0589591999305412,0.0589591999305412,1.0,6424.0,100.0,0.0,0.0,100,4,2,38.0,38.0,38.0,0.0,0.133192749985028,0.133192749985028,3.0,19272.0,100.0,0.0,0.0,0.0,0.0742335500544868,0.0
chao,p4.4.e.txt,100,4,1,181.0,181.0,181.0,0.0,1.0820590000366792,1.0820590000366792,12.0,363550.0,100.0,0.0,0.0,100,4,2,181.0,181.0,181.0,0.0,1.8963261999888343,1.8963261999888343,36.0,1090650.0,100.0,0.0,0.0,0.0,0.8142671999521551,0.0
chao,p4.4.f.txt,100,4,1,214.0,214.0,214.0,0.0,0.3996482000220567,0.3996482000220567,2.0,87472.0,100.0,0.0,0.0,100,4,2,214.0,214.0,214.0,0.0,0.6135731499525718,0.6135731499525718,6.0,262416.0,100.0,0.0,0.0,0.0,0.21392494993051514,0.0
chao,p4.4.g.txt,100,4,1,340.0,340.0,340.0,0.0,2.030070299981162,2.030070299981162,12.0,871750.0,100.0,0.0,0.0,100,4,2,340.0,340.0,340.0,0.0,3.886264000087977,3.886264000087977,36.0,2615250.0,100.0,0.0,0.0,0.0,1.856193700106815,0.0
chao,p4.4.h.txt,100,4,1,305.0,305.0,305.0,0.0,0.6748438000213355,0.6748438000213355,2.0,265232.0,100.0,0.0,0.0,100,4,2,305.0,305.0,305.0,0.0,1.2466240499634296,1.2466240499634296,6.0,795696.0,100.0,0.0,0.0,0.0,0.5717802499420941,0.0
chao,p4.4.i.txt,100,4,1,467.0,467.0,467.0,0.0,4.468217699904926,4.468217699904926,12.0,1497584.0,100.0,0.0,0.0,100,4,2,467.0,467.0,467.0,0.0,6.997099199972581,6.997099199972581,36.0,4492752.0,100.0,0.0,0.0,0.0,2.528881500067655,0.0
chao,p4.4.j.txt,100,4,1,361.0,361.0,361.0,0.0,1.1653653000248596,1.1653653000248596,2.0,360360.0,100.0,0.0,0.0,100,4,2,361.0,361.0,361.0,0.0,2.140233799989801,2.140233799989801,6.0,1081080.0,100.0,0.0,0.0,0.0,0.9748684999649413,0.0
chao,p4.4.k.txt,100,4,1,386.0,386.0,386.0,0.0,6.251668200013228,6.251668200013228,12.0,2118116.0,100.0,0.0,0.0,100,4,2,386.0,386.0,386.0,0.0,10.862273850070778,10.862273850070778,36.0,6354348.0,100.0,0.0,0.0,0.0,4.6106056500575505,0.0
chao,p4.4.l.txt,100,4,1,394.0,394.0,394.0,0.0,1.6327831000089643,1.6327831000089643,2.0,360360.0,100.0,0.0,0.0,100,4,2,394.0,394.0,394.0,0.0,3.0030111000523902,3.0030111000523902,6.0,1081080.0,100.0,0.0,0.0,0.0,1.370228000043426,0.0
chao,p4.4.m.txt,100,4,1,427.0,427.0,427.0,0.0,1.9828297999920323,1.9828297999920323,2.0,652080.0,100.0,0.0,0.0,100,4,2,427.0,427.0,427.0,0.0,3.655764000082854,3.655764000082854,6.0,1956240.0,100.0,0.0,0.0,0.0,1.6729342000908218,0.0
chao,p4.4.n.txt,100,4,1,435.0,435.0,435.0,0.0,2.2422504000132903,2.2422504000132903,2.0,526592.0,100.0,0.0,0.0,100,4,2,435.0,435.0,435.0,0.0,4.029687450034544,4.029687450034544,6.0,1579776.0,100.0,0.0,0.0,0.0,1.7874370500212535,0.0
chao,p4.4.o.txt,100,4,1,451.0,451.0,451.0,0.0,2.4201558000640944,2.4201558000640944,2.0,652080.0,100.0,0.0,0.0,100,4,2,451.0,451.0,451.0,0.0,4.526684349984862,4.526684349984862,6.0,1956240.0,100.0,0.0,0.0,0.0,2.1065285499207675,0.0
chao,p4.4.p.txt,100,4,1,467.0,467.0,467.0,0.0,2.8031352000543848,2.8031352000543848,2.0,652080.0,100.0,0.0,0.0,100,4,2,467.0,467.0,467.0,0.0,4.787444499961566,4.787444499961566,6.0,1956240.0,100.0,0.0,0.0,0.0,1.9843092999071814,0.0
chao,p4.4.q.txt,100,4,1,487.0,487.0,487.0,0.0,2.904704899992794,2.904704899992794,2.0,652080.0,100.0,0.0,0.0,100,4,2,487.0,487.0,487.0,0.0,6.285434250079561,6.285434250079561,6.0,1956240.0,100.0,0.0,0.0,0.0,3.3807293500867672,0.0
chao,p4.4.r.txt,100,4,1,494.0,494.0,494.0,0.0,3.0238145999610424,3.0238145999610424,2.0,652080.0,100.0,0.0,0.0,100,4,2,494.0,494.0,494.0,0.0,8.7447282000212,8.7447282000212,6.0,1956240.0,100.0,0.0,0.0,0.0,5.7209136000601575,0.0
chao,p4.4.s.txt,100,4,1,506.0,506.0,506.0,0.0,3.2035170999588445,3.2035170999588445,2.0,652080.0,100.0,0.0,0.0,100,4,2,506.0,506.0,506.0,0.0,9.42741079989355,9.42741079989355,6.0,1956240.0,100.0,0.0,0.0,0.0,6.223893699934706,0.0
chao,p4.4.t.txt,100,4,1,511.0,511.0,511.0,0.0,3.3081535999663174,3.3081535999663174,2.0,652080.0,100.0,0.0,0.0,100,4,2,511.0,511.0,511.0,0.0,9.851034700113814,9.851034700113814,6.0,1956240.0,100.0,0.0,0.0,0.0,6.542881100147497,0.0
chao,p5.2.a.txt,66,2,1,0.0,0.0,0.0,0.0,0.0757889000233262,0.0757889000233262,1.0,1408.0,100.0,0.0,0.0,66,2,2,0.0,0.0,0.0,0.0,0.1678276999155059,0.1678276999155059,3.0,4224.0,100.0,0.0,0.0,0.0,0.0920387998921797,0.0
chao,p5.2.b.txt,66,2,1,20.0,20.0,20.0,0.0,0.1265277999918908,0.1265277999918908,1.0,8272.0,100.0,0.0,0.0,66,2,2,20.0,20.0,20.0,0.0,0.2708068499341607,0.2708068499341607,3.0,24816.0,100.0,0.0,0.0,0.0,0.14427904994226992,0.0
chao,p5.2.c.txt,66,2,1,40.0,40.0,40.0,0.0,0.1464638999896124,0.1464638999896124,1.0,8272.0,100.0,0.0,0.0,66,2,2,40.0,40.0,40.0,0.0,0.5237316500279121,0.5237316500279121,3.0,24816.0,100.0,0.0,0.0,0.0,0.3772677500382997,0.0
chao,p5.2.d.txt,66,2,1,80.0,80.0,80.0,0.0,0.29634089989122,0.29634089989122,2.0,40480.0,100.0,0.0,0.0,66,2,2,80.0,80.0,80.0,0.0,0.9560517999925652,0.9560517999925652,6.0,121440.0,100.0,0.0,0.0,0.0,0.6597109001013453,0.0
chao,p5.2.e.txt,66,2,1,170.0,170.0,170.0,0.0,0.6089203000301495,0.6089203000301495,2.0,56056.0,100.0,0.0,0.0,66,2,2,170.0,170.0,170.0,0.0,1.535302449890878,1.535302449890878,6.0,168168.0,100.0,0.0,0.0,0.0,0.9263821498607285,0.0
chao,p5.2.f.txt,66,2,1,190.0,190.0,190.0,0.0,0.892984899925068,0.892984899925068,2.0,56056.0,100.0,0.0,0.0,66,2,2,190.0,190.0,190.0,0.0,2.6568053999799304,2.6568053999799304,6.0,168168.0,100.0,0.0,0.0,0.0,1.7638205000548624,0.0
chao,p5.2.g.txt,66,2,1,320.0,320.0,320.0,0.0,1.377479999908246,1.377479999908246,2.0,116160.0,100.0,0.0,0.0,66,2,2,320.0,320.0,320.0,0.0,3.665278750064317,3.665278750064317,6.0,348480.0,100.0,0.0,0.0,0.0,2.287798750156071,0.0
chao,p5.2.h.txt,66,2,1,390.0,390.0,390.0,0.0,1.617109499988146,1.617109499988146,2.0,140360.0,100.0,0.0,0.0,66,2,2,390.0,390.0,390.0,0.0,4.515022499894258,4.515022499894258,6.0,421080.0,100.0,0.0,0.0,0.0,2.8979129999061115,0.0
chao,p5.2.i.txt,66,2,1,435.0,435.0,435.0,0.0,2.733896199963056,2.733896199963056,3.0,205480.0,100.0,0.0,0.0,66,2,2,435.0,435.0,435.0,0.0,7.338198249984998,7.338198249984998,9.0,616440.0,100.0,0.0,0.0,0.0,4.604302050021943,0.0
chao,p5.2.j.txt,66,2,1,560.0,560.0,560.0,0.0,2.1780161999631678,2.1780161999631678,2.0,224224.0,100.0,0.0,0.0,66,2,2,560.0,560.0,560.0,0.0,6.061038000101689,6.061038000101689,6.0,672672.0,100.0,0.0,0.0,0.0,3.8830218001385215,0.0
chao,p5.2.k.txt,66,2,1,620.0,620.0,620.0,0.0,2.35669849999249,2.35669849999249,2.0,224224.0,100.0,0.0,0.0,66,2,2,620.0,620.0,620.0,0.0,6.2793078000540845,6.2793078000540845,6.0,672672.0,100.0,0.0,0.0,0.0,3.9226093000615947,0.0
chao,p5.2.l.txt,66,2,1,700.0,700.0,700.0,0.0,2.371125299949199,2.371125299949199,2.0,288640.0,100.0,0.0,0.0,66,2,2,700.0,700.0,700.0,0.0,6.713643950002734,6.713643950002734,6.5,938080.0,100.0,0.0,0.0,0.0,4.342518650053535,0.0
chao,p5.2.m.txt,66,2,1,810.0,810.0,810.0,0.0,1.9466051999479528,1.9466051999479528,2.0,323136.0,100.0,0.0,0.0,66,2,2,810.0,810.0,810.0,0.0,6.59630505007226,6.59630505007226,6.0,969408.0,100.0,0.0,0.0,0.0,4.649699850124307,0.0
chao,p5.2.n.txt,66,2,1,830.0,830.0,830.0,0.0,1.9221149999648333,1.9221149999648333,3.0,571793.0,100.0,0.0,0.0,66,2,2,830.0,830.0,830.0,0.0,9.120108850009274,9.120108850009274,9.0,1650556.5,100.0,0.0,0.0,0.0,7.1979938500444405,0.0
chao,p5.2.o.txt,66,2,1,940.0,940.0,940.0,0.0,1.5233604999957606,1.5233604999957606,2.0,396264.0,100.0,0.0,0.0,66,2,2,940.0,940.0,940.0,0.0,5.994342599995434,5.994342599995434,6.0,1188792.0,100.0,0.0,0.0,0.0,4.470982099999674,0.0
chao,p5.2.p.txt,66,2,1,1000.0,1000.0,1000.0,0.0,1.549172000028193,1.549172000028193,2.0,396264.0,100.0,0.0,0.0,66,2,2,1000.0,1000.0,1000.0,0.0,4.987969150010031,4.987969150010031,6.0,1188792.0,100.0,0.0,0.0,0.0,3.4387971499818377,0.0
chao,p5.2.q.txt,66,2,1,1060.0,1060.0,1060.0,0.0,1.4321420999476686,1.4321420999476686,2.0,396264.0,100.0,0.0,0.0,66,2,2,1060.0,1060.0,1060.0,0.0,4.6934391001123,4.6934391001123,6.0,1188792.0,100.0,0.0,0.0,0.0,3.2612970001646318,0.0
chao,p5.2.r.txt,66,2,1,1050.0,1050.0,1050.0,0.0,1.45590409997385,1.45590409997385,2.0,396264.0,100.0,0.0,0.0,66,2,2,1060.0,1060.0,1060.0,0.0,4.916711500030942,4.916711500030942,6.0,1188792.0,100.0,0.0,0.0,10.0,3.4608074000570923,0.0
chao,p5.2.s.txt,66,2,1,1060.0,1060.0,1060.0,0.0,1.598925200058147,1.598925200058147,2.0,396264.0,100.0,0.0,0.0,66,2,2,1060.0,1060.0,1060.0,0.0,4.885278849978931,4.885278849978931,6.0,1188792.0,100.0,0.0,0.0,0.0,3.286353649920784,0.0
chao,p5.2.t.txt,66,2,1,1060.0,1060.0,1060.0,0.0,1.416381400078535,1.416381400078535,2.0,396264.0,100.0,0.0,0.0,66,2,2,1060.0,1060.0,1060.0,0.0,5.089315600052942,5.089315600052942,6.0,1188792.0,100.0,0.0,0.0,0.0,3.6729341999744065,0.0
chao,p5.2.u.txt,66,2,1,1060.0,1060.0,1060.0,0.0,1.4478887000586838,1.4478887000586838,2.0,396264.0,100.0,0.0,0.0,66,2,2,1060.0,1060.0,1060.0,0.0,5.008072199940216,5.008072199940216,6.0,1188792.0,100.0,0.0,0.0,0.0,3.560183499881532,0.0
chao,p5.2.v.txt,66,2,1,1060.0,1060.0,1060.0,0.0,1.5248496000422165,1.5248496000422165,2.0,396264.0,100.0,0.0,0.0,66,2,2,1060.0,1060.0,1060.0,0.0,5.156616699940059,5.156616699940059,6.5,1287858.0,100.0,0.0,0.0,0.0,3.631767099897843,0.0
chao,p5.2.w.txt,66,2,1,1060.0,1060.0,1060.0,0.0,1.485205400036648,1.485205400036648,2.0,396264.0,100.0,0.0,0.0,66,2,2,1060.0,1060.0,1060.0,0.0,5.268211550021078,5.268211550021078,6.5,1287858.0,100.0,0.0,0.0,0.0,3.7830061499844305,0.0
chao,p5.2.x.txt,66,2,1,1060.0,1060.0,1060.0,0.0,1.501312099979259,1.501312099979259,2.0,396264.0,100.0,0.0,0.0,66,2,2,1060.0,1060.0,1060.0,0.0,5.1963691499549896,5.1963691499549896,6.0,1188792.0,100.0,0.0,0.0,0.0,3.6950570499757305,0.0
chao,p5.2.y.txt,66,2,1,1060.0,1060.0,1060.0,0.0,1.4242568999761716,1.4242568999761716,2.0,396264.0,100.0,0.0,0.0,66,2,2,1060.0,1060.0,1060.0,0.0,5.056204549968243,5.056204549968243,6.0,1188792.0,100.0,0.0,0.0,0.0,3.631947649992071,0.0
chao,p5.2.z.txt,66,2,1,1060.0,1060.0,1060.0,0.0,1.5493703000247478,1.5493703000247478,2.0,396264.0,100.0,0.0,0.0,66,2,2,1060.0,1060.0,1060.0,0.0,4.947864049987402,4.947864049987402,6.0,1188792.0,100.0,0.0,0.0,0.0,3.398493749962654,0.0
chao,p5.3.a.txt,66,3,1,0.0,0.0,0.0,0.0,0.0517493999795988,0.0517493999795988,1.0,1408.0,100.0,0.0,0.0,66,3,2,0.0,0.0,0.0,0.0,0.1104386000079102,0.1104386000079102,3.0,4224.0,100.0,0.0,0.0,0.0,0.0586892000283114,0.0
chao,p5.3.b.txt,66,3,1,15.0,15.0,15.0,0.0,0.0782040000194683,0.0782040000194683,1.0,4180.0,100.0,0.0,0.0,66,3,2,15.0,15.0,15.0,0.0,0.1254073499585501,0.1254073499585501,3.0,12540.0,100.0,0.0,0.0,0.0,0.047203349939081804,0.0
chao,p5.3.c.txt,66,3,1,20.0,20.0,20.0,0.0,0.1797044000122696,0.1797044000122696,1.0,1320.0,100.0,0.0,0.0,66,3,2,20.0,20.0,20.0,0.0,0.1443881500163115,0.1443881500163115,3.0,3960.0,100.0,0.0,0.0,0.0,-0.03531624999595809,0.0
chao,p5.3.d.txt,66,3,1,60.0,60.0,60.0,0.0,0.1005256000207737,0.1005256000207737,1.0,8272.0,100.0,0.0,0.0,66,3,2,60.0,60.0,60.0,0.0,0.2399622500524856,0.2399622500524856,3.0,24816.0,100.0,0.0,0.0,0.0,0.1394366500317119,0.0
chao,p5.3.e.txt,66,3,1,85.0,85.0,85.0,0.0,0.1837249998934567,0.1837249998934567,2.0,27280.0,100.0,0.0,0.0,66,3,2,85.0,85.0,85.0,0.0,0.5398895500111394,0.5398895500111394,6.0,81840.0,100.0,0.0,0.0,0.0,0.35616455011768267,0.0
chao,p5.3.f.txt,66,3,1,110.0,110.0,110.0,0.0,0.3238733999896794,0.3238733999896794,4.0,55308.0,100.0,0.0,0.0,66,3,2,110.0,110.0,110.0,0.0,1.4980542499688454,1.4980542499688454,15.5,218783.5,100.0,0.0,0.0,0.0,1.174180849979166,0.0
chao,p5.3.g.txt,66,3,1,160.0,160.0,160.0,0.0,0.3508596000028774,0.3508596000028774,3.0,58030.0,100.0,0.0,0.0,66,3,2,160.0,160.0,160.0,0.0,1.3328554501058534,1.3328554501058534,9.0,170175.0,100.0,0.0,0.0,0.0,0.981995850102976,0.0
chao,p5.3.h.txt,66,3,1,260.0,260.0,260.0,0.0,1.5258327999617904,1.5258327999617904,12.0,268256.0,100.0,0.0,0.0,66,3,2,260.0,260.0,260.0,0.0,5.495329800003674,5.495329800003674,36.0,805810.5,100.0,0.0,0.0,0.0,3.9694970000418834,0.0
chao,p5.3.i.txt,66,3,1,255.0,255.0,255.0,0.0,0.7550817000446841,0.7550817000446841,4.0,73128.0,100.0,0.0,0.0,66,3,2,255.0,255.0,255.0,0.0,2.740191299992148,2.740191299992148,12.0,219384.0,100.0,0.0,0.0,0.0,1.9851095999474637,0.0
chao,p5.3.j.txt,66,3,1,380.0,380.0,380.0,0.0,1.832836200017482,1.832836200017482,7.0,209592.0,100.0,0.0,0.0,66,3,2,380.0,380.0,380.0,0.0,5.8521154500194825,5.8521154500194825,20.5,615704.5,100.0,0.0,0.0,0.0,4.0192792500020005,0.0
chao,p5.3.k.txt,66,3,1,465.0,465.0,465.0,0.0,2.885246800025925,2.885246800025925,10.0,394996.0,100.0,0.0,0.0,66,3,2,465.0,465.0,465.0,0.0,9.941757549881004,9.941757549881004,30.0,1183532.0,100.0,0.0,0.0,0.0,7.056510749855079,0.0
chao,p5.3.l.txt,66,3,1,575.0,575.0,575.0,0.0,3.852614799980074,3.852614799980074,11.0,511807.0,100.0,0.0,0.0,66,3,2,575.0,575.0,575.0,0.0,12.656681949971244,12.656681949971244,32.0,1550448.0,100.0,0.0,0.0,0.0,8.80406714999117,0.0
chao,p5.3.m.txt,66,3,1,650.0,650.0,650.0,0.0,4.240620099939406,4.240620099939406,11.0,648328.0,100.0,0.0,0.0,66,3,2,650.0,650.0,650.0,0.0,15.370464099978562,15.370464099978562,34.0,1961882.5,100.0,0.0,0.0,0.0,11.129844000039157,0.0
chao,p5.3.n.txt,66,3,1,755.0,755.0,755.0,0.0,3.828462800011039,3.828462800011039,9.0,626798.0,100.0,0.0,0.0,66,3,2,755.0,755.0,755.0,0.0,13.589405949926004,13.589405949926004,27.5,1929506.0,100.0,0.0,0.0,0.0,9.760943149914965,0.0
chao,p5.3.o.txt,66,3,1,830.0,830.0,830.0,0.0,5.167384000029415,5.167384000029415,10.0,853780.0,100.0,0.0,0.0,66,3,2,830.0,830.0,830.0,0.0,17.12112134997733,17.12112134997733,32.0,2589981.5,100.0,0.0,0.0,0.0,11.953737349947914,0.0
chao,p5.3.p.txt,66,3,1,845.0,845.0,845.0,0.0,4.7320537000196055,4.7320537000196055,10.0,958115.0,100.0,0.0,0.0,66,3,2,855.0,855.0,852.5,3.5355339059327378,18.03404275001958,18.03404275001958,33.5,3172646.0,50.0,0.2923976608187134,0.5847953216374269,7.5,13.301989049999975,0.2923976608187134
chao,p5.3.q.txt,66,3,1,1025.0,1025.0,1025.0,0.0,5.60484600008931,5.60484600008931,11.0,1244458.0,100.0,0.0,0.0,66,3,2,1025.0,1025.0,1025.0,0.0,17.25907485000789,17.25907485000789,31.0,3530678.5,100.0,0.0,0.0,0.0,11.654228849918582,0.0
chao,p5.3.r.txt,66,3,1,1050.0,1050.0,1050.0,0.0,4.692708700080402,4.692708700080402,9.0,1084113.0,100.0,0.0,0.0,66,3,2,1050.0,1050.0,1050.0,0.0,17.151142900052946,17.151142900052946,30.5,3664098.0,100.0,0.0,0.0,0.0,12.458434199972544,0.0
chao,p5.3.s.txt,66,3,1,1145.0,1145.0,1145.0,0.0,5.420111900079064,5.420111900079064,11.0,1434444.0,100.0,0.0,0.0,66,3,2,1145.0,1145.0,1145.0,0.0,17.690537499962375,17.690537499962375,30.5,3929153.5,100.0,0.0,0.0,0.0,12.27042559988331,0.0
chao,p5.3.t.txt,66,3,1,1220.0,1220.0,1220.0,0.0,5.876586599973962,5.876586599973962,12.0,1709896.0,100.0,0.0,0.0,66,3,2,1220.0,1220.0,1220.0,0.0,20.41889645007905,20.41889645007905,35.0,4980054.0,100.0,0.0,0.0,0.0,14.542309850105088,0.0
chao,p5.3.u.txt,66,3,1,1300.0,1300.0,1300.0,0.0,5.212468600017019,5.212468600017019,10.0,1733118.0,100.0,0.0,0.0,66,3,2,1300.0,1300.0,1300.0,0.0,16.327895150054246,16.327895150054246,28.0,4779415.0,100.0,0.0,0.0,0.0,11.115426550037228,0.0
chao,p5.3.v.txt,66,3,1,1400.0,1400.0,1400.0,0.0,5.89843539998401,5.89843539998401,11.0,1973584.0,100.0,0.0,0.0,66,3,2,1400.0,1400.0,1400.0,0.0,17.4447531500482,17.4447531500482,29.5,5183930.0,100.0,0.0,0.0,0.0,11.54631775006419,0.0
chao,p5.3.w.txt,66,3,1,1020.0,1020.0,1020.0,0.0,6.389227100065909,6.389227100065909,12.0,2238169.0,100.0,0.0,0.0,66,3,2,1420.0,1420.0,1415.0,7.071067811865476,19.57340125000337,19.57340125000337,33.5,6347844.5,50.0,0.352112676056338,0.7042253521126761,395.0,13.184174149937462,0.352112676056338
chao,p5.3.x.txt,66,3,1,1500.0,1500.0,1500.0,0.0,5.561584800016135,5.561584800016135,11.0,2111736.0,100.0,0.0,0.0,66,3,2,1500.0,1500.0,1500.0,0.0,19.88351319998037,19.88351319998037,32.0,6103218.0,100.0,0.0,0.0,0.0,14.321928399964236,0.0
chao,p5.3.y.txt,66,3,1,1570.0,1570.0,1570.0,0.0,5.738698499975726,5.738698499975726,11.0,2100450.0,100.0,0.0,0.0,66,3,2,1570.0,1570.0,1570.0,0.0,20.930785249976907,20.930785249976907,34.5,6473497.5,100.0,0.0,0.0,0.0,15.192086750001181,0.0
chao,p5.3.z.txt,66,3,1,1550.0,1550.0,1550.0,0.0,6.154295099899173,6.154295099899173,12.0,2268486.0,100.0,0.0,0.0,66,3,2,1570.0,1570.0,1570.0,0.0,20.924456299981102,20.924456299981102,36.0,6767838.0,100.0,0.0,0.0,20.0,14.77016120008193,0.0
chao,p5.4.a.txt,66,4,1,0.0,0.0,0.0,0.0,0.050069099990651,0.050069099990651,1.0,1408.0,100.0,0.0,0.0,66,4,2,0.0,0.0,0.0,0.0,0.1083739500027149,0.1083739500027149,3.0,4224.0,100.0,0.0,0.0,0.0,0.0583048500120639,0.0
chao,p5.4.b.txt,66,4,1,0.0,0.0,0.0,0.0,0.0350260999985039,0.0350260999985039,1.0,1408.0,100.0,0.0,0.0,66,4,2,0.0,0.0,0.0,0.0,0.1115467500058002,0.1115467500058002,3.0,4224.0,100.0,0.0,0.0,0.0,0.0765206500072963,0.0
chao,p5.4.c.txt,66,4,1,20.0,20.0,20.0,0.0,0.0705510000698268,0.0705510000698268,1.0,4180.0,100.0,0.0,0.0,66,4,2,20.0,20.0,20.0,0.0,0.1278697999659925,0.1278697999659925,3.0,12540.0,100.0,0.0,0.0,0.0,0.05731879989616569,0.0
chao,p5.4.d.txt,66,4,1,20.0,20.0,20.0,0.0,0.05324889998883,0.05324889998883,1.0,1320.0,100.0,0.0,0.0,66,4,2,20.0,20.0,20.0,0.0,0.1367324498714879,0.1367324498714879,3.0,3960.0,100.0,0.0,0.0,0.0,0.08348354988265788,0.0
chao,p5.4.e.txt,66,4,1,20.0,20.0,20.0,0.0,0.0798776999581605,0.0798776999581605,1.0,1320.0,100.0,0.0,0.0,66,4,2,20.0,20.0,20.0,0.0,0.2032282499712892,0.2032282499712892,3.0,3960.0,100.0,0.0,0.0,0.0,0.12335055001312868,0.0
chao,p5.4.f.txt,66,4,1,80.0,80.0,80.0,0.0,0.0982520999386906,0.0982520999386906,1.0,8272.0,100.0,0.0,0.0,66,4,2,80.0,80.0,80.0,0.0,0.3209444500389509,0.3209444500389509,3.0,24816.0,100.0,0.0,0.0,0.0,0.22269235010026028,0.0
chao,p5.4.g.txt,66,4,1,130.0,130.0,130.0,0.0,0.2387647000141441,0.2387647000141441,3.0,40920.0,100.0,0.0,0.0,66,4,2,130.0,130.0,130.0,0.0,0.8012284500873648,0.8012284500873648,9.0,122760.0,100.0,0.0,0.0,0.0,0.5624637500732207,0.0
chao,p5.4.h.txt,66,4,1,140.0,140.0,140.0,0.0,0.3168168999254703,0.3168168999254703,4.0,57963.0,100.0,0.0,0.0,66,4,2,140.0,140.0,140.0,0.0,1.4901886499137618,1.4901886499137618,15.0,211512.0,100.0,0.0,0.0,0.0,1.1733717499882914,0.0
chao,p5.4.i.txt,66,4,1,190.0,190.0,190.0,0.0,0.3512749000219628,0.3512749000219628,3.0,37648.0,100.0,0.0,0.0,66,4,2,190.0,190.0,190.0,0.0,1.2712483999785036,1.2712483999785036,9.0,113770.0,100.0,0.0,0.0,0.0,0.9199734999565408,0.0
chao,p5.4.j.txt,66,4,1,270.0,270.0,270.0,0.0,0.6212973999790847,0.6212973999790847,5.0,103291.0,100.0,0.0,0.0,66,4,2,270.0,270.0,270.0,0.0,2.2315637498977594,2.2315637498977594,15.0,305094.5,100.0,0.0,0.0,0.0,1.6102663499186747,0.0
chao,p5.4.k.txt,66,4,1,340.0,340.0,340.0,0.0,1.5249350999947635,1.5249350999947635,11.0,257884.0,100.0,0.0,0.0,66,4,2,340.0,340.0,340.0,0.0,5.232623849995434,5.232623849995434,33.0,766822.0,100.0,0.0,0.0,0.0,3.7076887500006706,0.0
chao,p5.4.l.txt,66,4,1,320.0,320.0,320.0,0.0,0.873752599931322,0.873752599931322,4.0,73128.0,100.0,0.0,0.0,66,4,2,320.0,320.0,320.0,0.0,2.683513300085906,2.683513300085906,12.0,219384.0,100.0,0.0,0.0,0.0,1.809760700154584,0.0
chao,p5.4.m.txt,66,4,1,390.0,390.0,390.0,0.0,1.717668000026606,1.717668000026606,8.0,212459.0,100.0,0.0,0.0,66,4,2,405.0,405.0,397.5,10.606601717798211,7.131393549963832,7.131393549963832,27.0,729502.5,50.0,1.851851851851852,3.7037037037037033,7.5,5.413725549937226,1.851851851851852
chao,p5.4.n.txt,66,4,1,500.0,500.0,500.0,0.0,3.158036899985745,3.158036899985745,12.0,332016.0,100.0,0.0,0.0,66,4,2,500.0,500.0,500.0,0.0,10.61578825005563,10.61578825005563,36.0,1013721.5,100.0,0.0,0.0,0.0,7.457751350069884,0.0
chao,p5.4.o.txt,66,4,1,615.0,615.0,615.0,0.0,3.681272399961017,3.681272399961017,11.0,436128.0,100.0,0.0,0.0,66,4,2,615.0,615.0,615.0,0.0,12.143272750079632,12.143272750079632,33.0,1308384.0,100.0,0.0,0.0,0.0,8.462000350118615,0.0
chao,p5.4.p.txt,66,4,1,760.0,760.0,760.0,0.0,4.222340799984522,4.222340799984522,12.0,575718.0,100.0,0.0,0.0,66,4,2,760.0,760.0,760.0,0.0,13.849094549950678,13.849094549950678,36.0,1792029.5,100.0,0.0,0.0,0.0,9.626753749966156,0.0
chao,p5.4.q.txt,66,4,1,860.0,860.0,860.0,0.0,4.360776599962264,4.360776599962264,11.0,632314.0,100.0,0.0,0.0,66,4,2,860.0,860.0,860.0,0.0,14.512487749976572,14.512487749976572,34.5,1905639.5,100.0,0.0,0.0,0.0,10.151711150014307,0.0
chao,p5.4.r.txt,66,4,1,880.0,880.0,880.0,0.0,4.395684199989773,4.395684199989773,11.0,707346.0,100.0,0.0,0.0,66,4,2,880.0,880.0,880.0,0.0,15.437049499945717,15.437049499945717,34.0,2125993.5,100.0,0.0,0.0,0.0,11.041365299955944,0.0
chao,p5.4.s.txt,66,4,1,1000.0,1000.0,1000.0,0.0,5.032256399979815,5.032256399979815,12.0,906275.0,100.0,0.0,0.0,66,4,2,1000.0,1000.0,1000.0,0.0,17.414882949960884,17.414882949960884,36.0,2695766.0,100.0,0.0,0.0,0.0,12.382626549981069,0.0
chao,p5.4.t.txt,66,4,1,1100.0,1100.0,1100.0,0.0,5.61948910006322,5.61948910006322,12.0,969674.0,100.0,0.0,0.0,66,4,2,1100.0,1100.0,1100.0,0.0,18.27803119999589,18.27803119999589,35.0,2942657.5,100.0,0.0,0.0,0.0,12.65854209993267,0.0
chao,p5.4.u.txt,66,4,1,1110.0,1110.0,1110.0,0.0,5.10866570007056,5.10866570007056,11.0,1023340.0,100.0,0.0,0.0,66,4,2,1120.0,1120.0,1115.0,7.071067811865476,17.840136100014206,17.840136100014206,34.0,3124516.0,50.0,0.4464285714285714,0.8928571428571428,5.0,12.731470399943646,0.4464285714285714
chao,p5.4.v.txt,66,4,1,1260.0,1260.0,1260.0,0.0,5.037360099959187,5.037360099959187,11.0,1106781.0,100.0,0.0,0.0,66,4,2,1260.0,1260.0,1260.0,0.0,18.49564114998793,18.49564114998793,34.5,3341850.5,100.0,0.0,0.0,0.0,13.458281050028742,0.0
chao,p5.4.w.txt,66,4,1,1380.0,1380.0,1380.0,0.0,4.644575299927965,4.644575299927965,9.0,1025246.0,100.0,0.0,0.0,66,4,2,1380.0,1380.0,1380.0,0.0,20.023953550087757,20.023953550087757,33.5,3711466.0,100.0,0.0,0.0,0.0,15.379378250159792,0.0
chao,p5.4.x.txt,66,4,1,1380.0,1380.0,1380.0,0.0,5.313870400073938,5.313870400073938,11.0,1249674.0,100.0,0.0,0.0,66,4,2,1400.0,1400.0,1400.0,0.0,18.41392670001369,18.41392670001369,33.0,3870088.0,100.0,0.0,0.0,20.0,13.100056299939752,0.0
chao,p5.4.y.txt,66,4,1,1510.0,1510.0,1510.0,0.0,6.60894589999225,6.60894589999225,10.0,1179050.0,100.0,0.0,0.0,66,4,2,1520.0,1520.0,1520.0,0.0,18.305251199984923,18.305251199984923,28.5,3419705.0,100.0,0.0,0.0,10.0,11.696305299992673,0.0
chao,p5.4.z.txt,66,4,1,1620.0,1620.0,1620.0,0.0,5.323927199933678,5.323927199933678,10.0,1430378.0,100.0,0.0,0.0,66,4,2,1620.0,1620.0,1620.0,0.0,30.827852600021288,30.827852600021288,35.0,4819666.0,100.0,0.0,0.0,0.0,25.50392540008761,0.0
chao,p6.2.a.txt,64,2,1,0.0,0.0,0.0,0.0,0.0617741000605747,0.0617741000605747,1.0,1364.0,100.0,0.0,0.0,64,2,2,0.0,0.0,0.0,0.0,0.138342649966944,0.138342649966944,3.0,4092.0,100.0,0.0,0.0,0.0,0.0765685499063693,0.0
chao,p6.2.b.txt,64,2,1,0.0,0.0,0.0,0.0,0.0343481000745669,0.0343481000745669,1.0,1364.0,100.0,0.0,0.0,64,2,2,0.0,0.0,0.0,0.0,0.1623510000063106,0.1623510000063106,3.0,4092.0,100.0,0.0,0.0,0.0,0.12800289993174369,0.0
chao,p6.2.c.txt,64,2,1,0.0,0.0,0.0,0.0,0.0332593000493943,0.0332593000493943,1.0,1364.0,100.0,0.0,0.0,64,2,2,0.0,0.0,0.0,0.0,0.1872245999402366,0.1872245999402366,3.0,4092.0,100.0,0.0,0.0,0.0,0.1539652998908423,0.0
chao,p6.2.d.txt,64,2,1,192.0,192.0,192.0,0.0,0.2427717000246048,0.2427717000246048,2.0,90816.0,100.0,0.0,0.0,64,2,2,192.0,192.0,192.0,0.0,2.416452800098341,2.416452800098341,6.0,272448.0,100.0,0.0,0.0,0.0,2.173681100073736,0.0
chao,p6.2.e.txt,64,2,1,324.0,324.0,324.0,0.0,0.4923616999294609,0.4923616999294609,2.0,160688.0,100.0,0.0,0.0,64,2,2,324.0,324.0,324.0,0.0,6.2694822999765165,6.2694822999765165,6.0,482064.0,100.0,0.0,0.0,0.0,5.777120600047056,0.0
chao,p6.2.f.txt,64,2,1,384.0,384.0,384.0,0.0,0.7444638999877498,0.7444638999877498,2.0,135520.0,100.0,0.0,0.0,64,2,2,384.0,384.0,384.0,0.0,3.763285750057548,3.763285750057548,6.0,406560.0,100.0,0.0,0.0,0.0,3.018821850069798,0.0
chao,p6.2.g.txt,64,2,1,504.0,504.0,504.0,0.0,0.9218925000168384,0.9218925000168384,2.0,216216.0,100.0,0.0,0.0,64,2,2,504.0,504.0,504.0,0.0,4.956152950122487,4.956152950122487,6.0,648648.0,100.0,0.0,0.0,0.0,4.0342604501056485,0.0
chao,p6.2.h.txt,64,2,1,624.0,624.0,624.0,0.0,1.1369136000284925,1.1369136000284925,2.0,311168.0,100.0,0.0,0.0,64,2,2,624.0,624.0,624.0,0.0,6.241956300043967,6.241956300043967,6.0,933504.0,100.0,0.0,0.0,0.0,5.105042700015474,0.0
chao,p6.2.i.txt,64,2,1,732.0,732.0,732.0,0.0,1.415667999885045,1.415667999885045,2.0,311168.0,100.0,0.0,0.0,64,2,2,732.0,732.0,732.0,0.0,7.018450050090905,7.018450050090905,6.0,933504.0,100.0,0.0,0.0,0.0,5.60278205020586,0.0
chao,p6.2.j.txt,64,2,1,876.0,876.0,876.0,0.0,1.4896355998935178,1.4896355998935178,2.0,381216.0,100.0,0.0,0.0,64,2,2,876.0,876.0,876.0,0.0,7.241098049969878,7.241098049969878,6.0,1143648.0,100.0,0.0,0.0,0.0,5.75146245007636,0.0
chao,p6.2.k.txt,64,2,1,960.0,960.0,960.0,0.0,1.3272113999119028,1.3272113999119028,2.0,381216.0,100.0,0.0,0.0,64,2,2,960.0,960.0,960.0,0.0,7.294222750002518,7.294222750002518,6.0,1143648.0,100.0,0.0,0.0,0.0,5.9670113500906155,0.0
chao,p6.2.l.txt,64,2,1,960.0,960.0,960.0,0.0,1.3141163000836968,1.3141163000836968,2.0,381216.0,100.0,0.0,0.0,64,2,2,960.0,960.0,960.0,0.0,8.005727649957407,8.005727649957407,6.5,1238952.0,100.0,0.0,0.0,0.0,6.69161134987371,0.0
chao,p6.2.m.txt,64,2,1,960.0,960.0,960.0,0.0,1.3905524000292644,1.3905524000292644,2.0,381216.0,100.0,0.0,0.0,64,2,2,960.0,960.0,960.0,0.0,7.282299449900165,7.282299449900165,6.0,1143648.0,100.0,0.0,0.0,0.0,5.891747049870901,0.0
chao,p6.2.n.txt,64,2,1,960.0,960.0,960.0,0.0,1.3025596999796107,1.3025596999796107,2.0,381216.0,100.0,0.0,0.0,64,2,2,960.0,960.0,960.0,0.0,7.2284051500028,7.2284051500028,6.0,1143648.0,100.0,0.0,0.0,0.0,5.925845450023189,0.0
chao,p6.3.a.txt,64,3,1,0.0,0.0,0.0,0.0,0.0510123999556526,0.0510123999556526,1.0,1364.0,100.0,0.0,0.0,64,3,2,0.0,0.0,0.0,0.0,0.1231736500049009,0.1231736500049009,3.0,4092.0,100.0,0.0,0.0,0.0,0.0721612500492483,0.0
chao,p6.3.b.txt,64,3,1,0.0,0.0,0.0,0.0,0.0330181999597698,0.0330181999597698,1.0,1364.0,100.0,0.0,0.0,64,3,2,0.0,0.0,0.0,0.0,0.1358369999798014,0.1358369999798014,3.0,4092.0,100.0,0.0,0.0,0.0,0.10281880002003159,0.0
chao,p6.3.c.txt,64,3,1,0.0,0.0,0.0,0.0,0.0342096999520435,0.0342096999520435,1.0,1364.0,100.0,0.0,0.0,64,3,2,0.0,0.0,0.0,0.0,0.183022350014653,0.183022350014653,3.0,4092.0,100.0,0.0,0.0,0.0,0.1488126500626095,0.0
chao,p6.3.d.txt,64,3,1,0.0,0.0,0.0,0.0,0.0349739000666886,0.0349739000666886,1.0,1364.0,100.0,0.0,0.0,64,3,2,0.0,0.0,0.0,0.0,0.1355303499149158,0.1355303499149158,3.0,4092.0,100.0,0.0,0.0,0.0,0.1005564498482272,0.0
chao,p6.3.e.txt,64,3,1,0.0,0.0,0.0,0.0,0.0338284999597817,0.0338284999597817,1.0,1364.0,100.0,0.0,0.0,64,3,2,0.0,0.0,0.0,0.0,0.158280250034295,0.158280250034295,3.0,4092.0,100.0,0.0,0.0,0.0,0.1244517500745133,0.0
chao,p6.3.f.txt,64,3,1,0.0,0.0,0.0,0.0,0.0376469999318942,0.0376469999318942,1.0,1364.0,100.0,0.0,0.0,64,3,2,0.0,0.0,0.0,0.0,0.1289975000545382,0.1289975000545382,3.0,4092.0,100.0,0.0,0.0,0.0,0.091350500122644,0.0
chao,p6.3.g.txt,64,3,1,270.0,270.0,270.0,0.0,0.3626213000388816,0.3626213000388816,4.0,126148.0,100.0,0.0,0.0,64,3,2,270.0,270.0,270.0,0.0,2.673575200024061,2.673575200024061,17.0,532822.0,100.0,0.0,0.0,0.0,2.3109538999851793,0.0
chao,p6.3.h.txt,64,3,1,396.0,396.0,396.0,0.0,1.809193400084041,1.809193400084041,12.0,740426.0,100.0,0.0,0.0,64,3,2,420.0,420.0,408.0,16.97056274847714,8.225146749988198,8.225146749988198,29.5,1737794.0,50.0,2.857142857142857,5.714285714285714,12.0,6.415953349904157,2.857142857142857
chao,p6.3.i.txt,64,3,1,426.0,426.0,426.0,0.0,2.6195267000002787,2.6195267000002787,12.0,842474.0,100.0,0.0,0.0,64,3,2,468.0,468.0,456.0,16.97056274847714,12.636128100042695,12.636128100042695,36.0,2559417.0,50.0,2.564102564102564,5.128205128205128,30.0,10.016601400042417,2.564102564102564
chao,p6.3.j.txt,64,3,1,462.0,462.0,462.0,0.0,0.7312795000616461,0.7312795000616461,2.0,135520.0,100.0,0.0,0.0,64,3,2,462.0,462.0,462.0,0.0,3.730124599940609,3.730124599940609,6.0,406560.0,100.0,0.0,0.0,0.0,2.998845099878963,0.0
chao,p6.3.k.txt,64,3,1,582.0,582.0,582.0,0.0,4.0078237999696285,4.0078237999696285,12.0,1063920.0,100.0,0.0,0.0,64,3,2,582.0,582.0,582.0,0.0,21.0512528999825,21.0512528999825,36.0,3298275.5,100.0,0.0,0.0,0.0,17.043429100012872,0.0
chao,p6.3.l.txt,64,3,1,678.0,678.0,678.0,0.0,5.099663899978623,5.099663899978623,12.0,1308638.0,100.0,0.0,0.0,64,3,2,678.0,678.0,678.0,0.0,26.29572230001213,26.29572230001213,36.0,4029313.0,100.0,0.0,0.0,0.0,21.196058400033507,0.0
chao,p6.3.m.txt,64,3,1,738.0,738.0,738.0,0.0,5.161465200013481,5.161465200013481,12.0,1577264.0,100.0,0.0,0.0,64,3,2,738.0,738.0,738.0,0.0,25.674409049970564,25.674409049970564,36.0,4707245.5,100.0,0.0,0.0,0.0,20.512943849957082,0.0
chao,p6.3.n.txt,64,3,1,834.0,834.0,834.0,0.0,5.284297800040804,5.284297800040804,12.0,1598130.0,100.0,0.0,0.0,64,3,2,858.0,858.0,846.0,16.97056274847714,15.74007955007255,15.74007955007255,36.0,4978240.5,50.0,1.3986013986013983,2.797202797202797,12.0,10.455781750031747,1.3986013986013983
chao,p6.4.a.txt,64,4,1,0.0,0.0,0.0,0.0,0.0536516000283882,0.0536516000283882,1.0,1364.0,100.0,0.0,0.0,64,4,2,0.0,0.0,0.0,0.0,0.1026131999678909,0.1026131999678909,3.0,4092.0,100.0,0.0,0.0,0.0,0.04896159993950269,0.0
chao,p6.4.b.txt,64,4,1,0.0,0.0,0.0,0.0,0.0345053999917581,0.0345053999917581,1.0,1364.0,100.0,0.0,0.0,64,4,2,0.0,0.0,0.0,0.0,0.1028549500624649,0.1028549500624649,3.0,4092.0,100.0,0.0,0.0,0.0,0.0683495500707068,0.0
chao,p6.4.c.txt,64,4,1,0.0,0.0,0.0,0.0,0.0359172000316903,0.0359172000316903,1.0,1364.0,100.0,0.0,0.0,64,4,2,0.0,0.0,0.0,0.0,0.1007313498994335,0.1007313498994335,3.0,4092.0,100.0,0.0,0.0,0.0,0.0648141498677432,0.0
chao,p6.4.d.txt,64,4,1,0.0,0.0,0.0,0.0,0.0383241999661549,0.0383241999661549,1.0,1364.0,100.0,0.0,0.0,64,4,2,0.0,0.0,0.0,0.0,0.1027789499494247,0.1027789499494247,3.0,4092.0,100.0,0.0,0.0,0.0,0.0644547499832698,0.0
chao,p6.4.e.txt,64,4,1,0.0,0.0,0.0,0.0,0.033992400043644,0.033992400043644,1.0,1364.0,100.0,0.0,0.0,64,4,2,0.0,0.0,0.0,0.0,0.1018745501060038,0.1018745501060038,3.0,4092.0,100.0,0.0,0.0,0.0,0.0678821500623598,0.0
chao,p6.4.f.txt,64,4,1,0.0,0.0,0.0,0.0,0.0368033000268042,0.0368033000268042,1.0,1364.0,100.0,0.0,0.0,64,4,2,0.0,0.0,0.0,0.0,0.1032705999678,0.1032705999678,3.0,4092.0,100.0,0.0,0.0,0.0,0.06646729994099579,0.0
chao,p6.4.g.txt,64,4,1,0.0,0.0,0.0,0.0,0.0364298999775201,0.0364298999775201,1.0,1364.0,100.0,0.0,0.0,64,4,2,0.0,0.0,0.0,0.0,0.1072836999665014,0.1072836999665014,3.0,4092.0,100.0,0.0,0.0,0.0,0.07085379998898131,0.0
chao,p6.4.h.txt,64,4,1,0.0,0.0,0.0,0.0,0.0346575999865308,0.0346575999865308,1.0,1364.0,100.0,0.0,0.0,64,4,2,0.0,0.0,0.0,0.0,0.1110182999400422,0.1110182999400422,3.0,4092.0,100.0,0.0,0.0,0.0,0.0763606999535114,0.0
chao,p6.4.i.txt,64,4,1,0.0,0.0,0.0,0.0,0.0343364999862387,0.0343364999862387,1.0,1364.0,100.0,0.0,0.0,64,4,2,0.0,0.0,0.0,0.0,0.1051089498214423,0.1051089498214423,3.0,4092.0,100.0,0.0,0.0,0.0,0.07077244983520359,0.0
chao,p6.4.j.txt,64,4,1,360.0,360.0,360.0,0.0,0.8438283000141382,0.8438283000141382,10.0,391820.0,100.0,0.0,0.0,64,4,2,360.0,360.0,360.0,0.0,2.519988549989648,2.519988549989648,28.5,1067186.0,100.0,0.0,0.0,0.0,1.67616024997551,0.0
chao,p6.4.k.txt,64,4,1,372.0,372.0,372.0,0.0,0.30832409998402,0.30832409998402,2.0,90816.0,100.0,0.0,0.0,64,4,2,372.0,372.0,372.0,0.0,0.9647743998793884,0.9647743998793884,6.0,272448.0,100.0,0.0,0.0,0.0,0.6564502998953684,0.0
chao,p6.4.l.txt,64,4,1,552.0,552.0,552.0,0.0,2.265859300037846,2.265859300037846,12.0,733281.0,100.0,0.0,0.0,64,4,2,552.0,552.0,546.0,8.48528137423857,6.725521299871616,6.725521299871616,36.0,2311236.0,50.0,1.0869565217391304,2.1739130434782608,-6.0,4.45966199983377,1.0869565217391304
chao,p6.4.m.txt,64,4,1,648.0,648.0,648.0,0.0,2.802350000012666,2.802350000012666,12.0,847224.0,100.0,0.0,0.0,64,4,2,648.0,648.0,645.0,4.242640687119285,8.186940350045916,8.186940350045916,36.0,2599606.5,50.0,0.4629629629629629,0.9259259259259258,-3.0,5.38459035003325,0.4629629629629629
chao,p6.4.n.txt,64,4,1,540.0,540.0,540.0,0.0,0.7349584000185132,0.7349584000185132,2.0,135520.0,100.0,0.0,0.0,64,4,2,540.0,540.0,540.0,0.0,2.2247637000400573,2.2247637000400573,6.0,406560.0,100.0,0.0,0.0,0.0,1.489805300021544,0.0
chao,p7.2.a.txt,102,2,1,30.0,30.0,30.0,0.0,0.0681116000050678,0.0681116000050678,1.0,6556.0,100.0,0.0,0.0,102,2,2,30.0,30.0,30.0,0.0,0.1155687000136822,0.1155687000136822,3.0,19668.0,100.0,0.0,0.0,0.0,0.0474571000086144,0.0
chao,p7.2.b.txt,102,2,1,64.0,64.0,64.0,0.0,0.1342923999764025,0.1342923999764025,2.0,26048.0,100.0,0.0,0.0,102,2,2,64.0,64.0,64.0,0.0,0.3496704500284977,0.3496704500284977,6.0,78144.0,100.0,0.0,0.0,0.0,0.21537805005209523,0.0
chao,p7.2.c.txt,102,2,1,96.0,96.0,96.0,0.0,0.1466448000865057,0.1466448000865057,2.0,43120.0,100.0,0.0,0.0,102,2,2,96.0,96.0,96.0,0.0,0.3834703500033356,0.3834703500033356,6.0,129360.0,100.0,0.0,0.0,0.0,0.2368255499168299,0.0
chao,p7.2.d.txt,102,2,1,136.0,136.0,136.0,0.0,0.2367927000159397,0.2367927000159397,2.0,89320.0,100.0,0.0,0.0,102,2,2,136.0,136.0,136.0,0.0,0.7755934999440797,0.7755934999440797,6.0,267960.0,100.0,0.0,0.0,0.0,0.53880079992814,0.0
chao,p7.2.e.txt,102,2,1,178.0,178.0,178.0,0.0,0.3620890999445691,0.3620890999445691,2.0,151008.0,100.0,0.0,0.0,102,2,2,178.0,178.0,178.0,0.0,1.031065699935425,1.031065699935425,6.0,453024.0,100.0,0.0,0.0,0.0,0.6689765999908559,0.0
chao,p7.2.f.txt,102,2,1,201.0,201.0,201.0,0.0,0.5296853999607265,0.5296853999607265,2.0,187440.0,100.0,0.0,0.0,102,2,2,201.0,201.0,201.0,0.0,1.7295010499074124,1.7295010499074124,6.0,562320.0,100.0,0.0,0.0,0.0,1.1998156499466859,0.0
chao,p7.2.g.txt,102,2,1,247.0,247.0,247.0,0.0,0.7770399999571964,0.7770399999571964,2.0,318032.0,100.0,0.0,0.0,102,2,2,247.0,247.0,247.0,0.0,2.379041399981361,2.379041399981361,6.0,954096.0,100.0,0.0,0.0,0.0,1.6020014000241645,0.0
chao,p7.2.h.txt,102,2,1,290.0,290.0,290.0,0.0,1.0846652000909671,1.0846652000909671,2.0,421960.0,100.0,0.0,0.0,102,2,2,290.0,290.0,290.0,0.0,3.3639979499857877,3.3639979499857877,6.0,1265880.0,100.0,0.0,0.0,0.0,2.2793327498948206,0.0
chao,p7.2.i.txt,102,2,1,314.0,314.0,314.0,0.0,1.6349624999566004,1.6349624999566004,2.0,478720.0,100.0,0.0,0.0,102,2,2,314.0,314.0,314.0,0.0,4.2268135001068,4.2268135001068,6.0,1436160.0,100.0,0.0,0.0,0.0,2.5918510001502,0.0
chao,p7.2.j.txt,102,2,1,361.0,361.0,361.0,0.0,1.618766100029461,1.618766100029461,2.0,601392.0,100.0,0.0,0.0,102,2,2,361.0,361.0,361.0,0.0,4.79802515002666,4.79802515002666,6.0,1804176.0,100.0,0.0,0.0,0.0,3.1792590499971993,0.0
chao,p7.2.k.txt,102,2,1,400.0,400.0,400.0,0.0,1.774180100066587,1.774180100066587,2.0,667128.0,100.0,0.0,0.0,102,2,2,400.0,400.0,400.0,0.0,5.334475449984893,5.334475449984893,6.0,2001384.0,100.0,0.0,0.0,0.0,3.560295349918306,0.0
chao,p7.2.l.txt,102,2,1,400.0,400.0,400.0,0.0,2.128482099971734,2.128482099971734,2.0,667128.0,100.0,0.0,0.0,102,2,2,400.0,400.0,400.0,0.0,5.880346449906938,5.880346449906938,6.0,2001384.0,100.0,0.0,0.0,0.0,3.751864349935204,0.0
chao,p7.2.m.txt,102,2,1,400.0,400.0,400.0,0.0,1.963706300011836,1.963706300011836,2.0,667128.0,100.0,0.0,0.0,102,2,2,400.0,400.0,400.0,0.0,6.15649719996145,6.15649719996145,6.0,2001384.0,100.0,0.0,0.0,0.0,4.192790899949614,0.0
chao,p7.2.n.txt,102,2,1,400.0,400.0,400.0,0.0,2.139497800031677,2.139497800031677,2.0,667128.0,100.0,0.0,0.0,102,2,2,400.0,400.0,400.0,0.0,6.203955700038932,6.203955700038932,6.0,2001384.0,100.0,0.0,0.0,0.0,4.064457900007255,0.0
chao,p7.2.o.txt,102,2,1,400.0,400.0,400.0,0.0,2.1494673000415787,2.1494673000415787,2.0,667128.0,100.0,0.0,0.0,102,2,2,400.0,400.0,400.0,0.0,6.30864470009692,6.30864470009692,6.0,2001384.0,100.0,0.0,0.0,0.0,4.159177400055341,0.0
chao,p7.2.p.txt,102,2,1,400.0,400.0,400.0,0.0,1.9944776999764144,1.9944776999764144,2.0,667128.0,100.0,0.0,0.0,102,2,2,400.0,400.0,400.0,0.0,6.325680250010919,6.325680250010919,6.0,2001384.0,100.0,0.0,0.0,0.0,4.331202550034504,0.0
chao,p7.2.q.txt,102,2,1,400.0,400.0,400.0,0.0,2.243610500008799,2.243610500008799,2.0,667128.0,100.0,0.0,0.0,102,2,2,400.0,400.0,400.0,0.0,6.390073000104167,6.390073000104167,6.0,2001384.0,100.0,0.0,0.0,0.0,4.146462500095367,0.0
chao,p7.2.r.txt,102,2,1,400.0,400.0,400.0,0.0,2.0437604000326246,2.0437604000326246,2.0,667128.0,100.0,0.0,0.0,102,2,2,400.0,400.0,400.0,0.0,6.287172399926931,6.287172399926931,6.0,2001384.0,100.0,0.0,0.0,0.0,4.243411999894306,0.0
chao,p7.2.s.txt,102,2,1,400.0,400.0,400.0,0.0,2.174525500042364,2.174525500042364,2.0,667128.0,100.0,0.0,0.0,102,2,2,400.0,400.0,400.0,0.0,6.390126799989957,6.390126799989957,6.0,2001384.0,100.0,0.0,0.0,0.0,4.215601299947593,0.0
chao,p7.2.t.txt,102,2,1,400.0,400.0,400.0,0.0,2.0579114999854937,2.0579114999854937,2.0,667128.0,100.0,0.0,0.0,102,2,2,400.0,400.0,400.0,0.0,6.15685010002926,6.15685010002926,6.0,2001384.0,100.0,0.0,0.0,0.0,4.098938600043766,0.0
chao,p7.3.a.txt,102,3,1,0.0,0.0,0.0,0.0,0.0570794000523164,0.0570794000523164,1.0,2200.0,100.0,0.0,0.0,102,3,2,0.0,0.0,0.0,0.0,0.1239051499869674,0.1239051499869674,3.0,6600.0,100.0,0.0,0.0,0.0,0.06682574993465101,0.0
chao,p7.3.b.txt,102,3,1,46.0,46.0,46.0,0.0,0.0639075000071898,0.0639075000071898,1.0,6556.0,100.0,0.0,0.0,102,3,2,46.0,46.0,46.0,0.0,0.1456963500822894,0.1456963500822894,3.0,19668.0,100.0,0.0,0.0,0.0,0.0817888500750996,0.0
chao,p7.3.c.txt,102,3,1,79.0,79.0,79.0,0.0,0.1332344999536872,0.1332344999536872,2.0,19316.0,100.0,0.0,0.0,102,3,2,79.0,79.0,79.0,0.0,0.316856550052762,0.316856550052762,6.0,57948.0,100.0,0.0,0.0,0.0,0.18362205009907479,0.0
chao,p7.3.d.txt,102,3,1,101.0,101.0,101.0,0.0,0.1901781000196933,0.1901781000196933,3.0,56012.0,100.0,0.0,0.0,102,3,2,101.0,101.0,101.0,0.0,0.4989340499741956,0.4989340499741956,9.0,168036.0,100.0,0.0,0.0,0.0,0.3087559499545023,0.0
chao,p7.3.e.txt,102,3,1,170.0,170.0,170.0,0.0,0.7770113000879064,0.7770113000879064,12.0,297880.0,100.0,0.0,0.0,102,3,2,170.0,170.0,170.0,0.0,2.470406650041696,2.470406650041696,36.0,893640.0,100.0,0.0,0.0,0.0,1.6933953499537897,0.0
chao,p7.3.f.txt,102,3,1,185.0,185.0,185.0,0.0,0.2288897999096661,0.2288897999096661,2.0,89320.0,100.0,0.0,0.0,102,3,2,185.0,185.0,185.0,0.0,0.7042062499094754,0.7042062499094754,6.0,267960.0,100.0,0.0,0.0,0.0,0.4753164499998094,0.0
chao,p7.3.g.txt,102,3,1,214.0,214.0,214.0,0.0,0.3175370999379083,0.3175370999379083,2.0,118272.0,100.0,0.0,0.0,102,3,2,214.0,214.0,214.0,0.0,1.0289966500131411,1.0289966500131411,6.0,354816.0,100.0,0.0,0.0,0.0,0.7114595500752328,0.0
chao,p7.3.h.txt,102,3,1,357.0,357.0,357.0,0.0,1.3141175999771804,1.3141175999771804,8.0,604340.0,100.0,0.0,0.0,102,3,2,357.0,357.0,357.0,0.0,3.8853434000047855,3.8853434000047855,24.0,1813020.0,100.0,0.0,0.0,0.0,2.571225800027605,0.0
chao,p7.3.i.txt,102,3,1,429.0,429.0,429.0,0.0,1.9335892000235615,1.9335892000235615,9.0,1058200.0,100.0,0.0,0.0,102,3,2,429.0,429.0,429.0,0.0,5.771763999946415,5.771763999946415,27.0,3174600.0,100.0,0.0,0.0,0.0,3.8381747999228537,0.0
chao,p7.3.j.txt,102,3,1,310.0,310.0,310.0,0.0,0.6926901999395341,0.6926901999395341,2.0,318032.0,100.0,0.0,0.0,102,3,2,310.0,310.0,310.0,0.0,2.176479499961715,2.176479499961715,6.0,954096.0,100.0,0.0,0.0,0.0,1.4837893000221811,0.0
chao,p7.3.k.txt,102,3,1,330.0,330.0,330.0,0.0,0.9149561999365688,0.9149561999365688,2.0,368368.0,100.0,0.0,0.0,102,3,2,330.0,330.0,330.0,0.0,2.76996224996401,2.76996224996401,6.0,1105104.0,100.0,0.0,0.0,0.0,1.8550060500274412,0.0
chao,p7.3.l.txt,102,3,1,354.0,354.0,354.0,0.0,1.0871624000137672,1.0871624000137672,2.0,421960.0,100.0,0.0,0.0,102,3,2,354.0,354.0,354.0,0.0,3.418439499975648,3.418439499975648,6.0,1265880.0,100.0,0.0,0.0,0.0,2.331277099961881,0.0
chao,p7.3.m.txt,102,3,1,367.0,367.0,367.0,0.0,1.4107240999583155,1.4107240999583155,2.0,478720.0,100.0,0.0,0.0,102,3,2,367.0,367.0,367.0,0.0,3.926644900056999,3.926644900056999,6.0,1436160.0,100.0,0.0,0.0,0.0,2.5159208000986837,0.0
chao,p7.3.n.txt,102,3,1,379.0,379.0,379.0,0.0,1.4945103999925775,1.4945103999925775,2.0,478720.0,100.0,0.0,0.0,102,3,2,379.0,379.0,379.0,0.0,4.3526969499653205,4.3526969499653205,6.0,1436160.0,100.0,0.0,0.0,0.0,2.858186549972743,0.0
chao,p7.3.o.txt,102,3,1,426.0,426.0,426.0,0.0,1.6143349000485614,1.6143349000485614,2.0,601392.0,100.0,0.0,0.0,102,3,2,426.0,426.0,426.0,0.0,4.755353049898986,4.755353049898986,6.0,1804176.0,100.0,0.0,0.0,0.0,3.1410181498504244,0.0
chao,p7.3.p.txt,102,3,1,466.0,466.0,466.0,0.0,1.84060810005758,1.84060810005758,2.0,667128.0,100.0,0.0,0.0,102,3,2,466.0,466.0,466.0,0.0,5.398122999991756,5.398122999991756,6.0,2001384.0,100.0,0.0,0.0,0.0,3.557514899934176,0.0
chao,p7.3.q.txt,102,3,1,466.0,466.0,466.0,0.0,1.81619879999198,1.81619879999198,2.0,667128.0,100.0,0.0,0.0,102,3,2,466.0,466.0,466.0,0.0,5.998502349946648,5.998502349946648,6.0,2001384.0,100.0,0.0,0.0,0.0,4.182303549954668,0.0
chao,p7.3.r.txt,102,3,1,466.0,466.0,466.0,0.0,1.830630999989808,1.830630999989808,2.0,667128.0,100.0,0.0,0.0,102,3,2,466.0,466.0,466.0,0.0,5.8712836999911815,5.8712836999911815,6.0,2001384.0,100.0,0.0,0.0,0.0,4.040652700001374,0.0
chao,p7.3.s.txt,102,3,1,466.0,466.0,466.0,0.0,2.177890800056048,2.177890800056048,2.0,667128.0,100.0,0.0,0.0,102,3,2,466.0,466.0,466.0,0.0,6.041175900085364,6.041175900085364,6.0,2001384.0,100.0,0.0,0.0,0.0,3.8632851000293162,0.0
chao,p7.3.t.txt,102,3,1,466.0,466.0,466.0,0.0,1.964462799951434,1.964462799951434,2.0,667128.0,100.0,0.0,0.0,102,3,2,466.0,466.0,466.0,0.0,6.1308599499752745,6.1308599499752745,6.0,2001384.0,100.0,0.0,0.0,0.0,4.16639715002384,0.0
chao,p7.4.a.txt,102,4,1,0.0,0.0,0.0,0.0,0.0527420999715104,0.0527420999715104,1.0,2200.0,100.0,0.0,0.0,102,4,2,0.0,0.0,0.0,0.0,0.1115104000200517,0.1115104000200517,3.0,6600.0,100.0,0.0,0.0,0.0,0.058768300048541305,0.0
chao,p7.4.b.txt,102,4,1,30.0,30.0,30.0,0.0,0.0627266999799758,0.0627266999799758,1.0,6556.0,100.0,0.0,0.0,102,4,2,30.0,30.0,30.0,0.0,0.1138192000216804,0.1138192000216804,3.0,19668.0,100.0,0.0,0.0,0.0,0.0510925000417046,0.0
chao,p7.4.c.txt,102,4,1,46.0,46.0,46.0,0.0,0.0661004999419674,0.0661004999419674,1.0,6556.0,100.0,0.0,0.0,102,4,2,46.0,46.0,46.0,0.0,0.1210747500881552,0.1210747500881552,3.0,19668.0,100.0,0.0,0.0,0.0,0.0549742501461878,0.0
chao,p7.4.d.txt,102,4,1,79.0,79.0,79.0,0.0,0.0867584000807255,0.0867584000807255,1.0,6358.0,100.0,0.0,0.0,102,4,2,79.0,79.0,79.0,0.0,0.2124877000460401,0.2124877000460401,3.0,19074.0,100.0,0.0,0.0,0.0,0.1257292999653146,0.0
chao,p7.4.e.txt,102,4,1,114.0,114.0,114.0,0.0,0.1015933000016957,0.1015933000016957,1.0,12892.0,100.0,0.0,0.0,102,4,2,114.0,114.0,114.0,0.0,0.2259939000359736,0.2259939000359736,3.0,38676.0,100.0,0.0,0.0,0.0,0.12440060003427791,0.0
chao,p7.4.f.txt,102,4,1,155.0,155.0,155.0,0.0,0.2244061999954283,0.2244061999954283,3.0,47344.0,100.0,0.0,0.0,102,4,2,155.0,155.0,155.0,0.0,0.5168804000131786,0.5168804000131786,9.0,142032.0,100.0,0.0,0.0,0.0,0.29247420001775026,0.0
chao,p7.4.g.txt,102,4,1,180.0,180.0,180.0,0.0,0.1733027000445872,0.1733027000445872,2.0,89320.0,100.0,0.0,0.0,102,4,2,180.0,180.0,180.0,0.0,0.5593222498428077,0.5593222498428077,6.0,267960.0,100.0,0.0,0.0,0.0,0.38601954979822045,0.0
chao,p7.4.h.txt,102,4,1,245.0,245.0,245.0,0.0,0.9015309000387788,0.9015309000387788,11.0,376596.0,100.0,0.0,0.0,102,4,2,245.0,245.0,245.0,0.0,2.819011200102977,2.819011200102977,33.0,1129788.0,100.0,0.0,0.0,0.0,1.9174803000641982,0.0
chao,p7.4.i.txt,102,4,1,249.0,249.0,249.0,0.0,0.2689011000329628,0.2689011000329628,2.0,118272.0,100.0,0.0,0.0,102,4,2,249.0,249.0,249.0,0.0,0.8569314000196755,0.8569314000196755,6.0,354816.0,100.0,0.0,0.0,0.0,0.5880302999867126,0.0
chao,p7.4.j.txt,102,4,1,393.0,393.0,393.0,0.0,1.2814936999930069,1.2814936999930069,8.0,502788.0,100.0,0.0,0.0,102,4,2,393.0,393.0,393.0,0.0,3.423596550012008,3.423596550012008,24.0,1508364.0,100.0,0.0,0.0,0.0,2.142102850019001,0.0
chao,p7.4.k.txt,102,4,1,411.0,411.0,411.0,0.0,2.105893599917181,2.105893599917181,12.0,903562.0,100.0,0.0,0.0,102,4,2,411.0,411.0,411.0,0.0,6.41653220000444,6.41653220000444,36.0,2710686.0,100.0,0.0,0.0,0.0,4.310638600087259,0.0
chao,p7.4.l.txt,102,4,1,316.0,316.0,316.0,0.0,0.5481607000110671,0.5481607000110671,2.0,187440.0,100.0,0.0,0.0,102,4,2,316.0,316.0,316.0,0.0,1.6953284498886203,1.6953284498886203,6.0,562320.0,100.0,0.0,0.0,0.0,1.1471677498775532,0.0
chao,p7.4.m.txt,102,4,1,465.0,465.0,465.0,0.0,3.0641679000109434,3.0641679000109434,12.0,1647184.0,100.0,0.0,0.0,102,4,2,465.0,465.0,465.0,0.0,8.80272535001859,8.80272535001859,36.0,4941552.0,100.0,0.0,0.0,0.0,5.738557450007647,0.0
chao,p7.4.n.txt,102,4,1,560.0,560.0,560.0,0.0,3.4863304999889806,3.4863304999889806,12.0,2140490.0,100.0,0.0,0.0,102,4,2,560.0,560.0,560.0,0.0,10.622671599965544,10.622671599965544,36.0,6421470.0,100.0,0.0,0.0,0.0,7.136341099976564,0.0
chao,p7.4.o.txt,102,4,1,601.0,601.0,601.0,0.0,4.467204699991271,4.467204699991271,12.0,2444376.0,100.0,0.0,0.0,102,4,2,601.0,601.0,601.0,0.0,12.863325450045522,12.863325450045522,36.0,7333128.0,100.0,0.0,0.0,0.0,8.396120750054251,0.0
chao,p7.4.p.txt,102,4,1,414.0,414.0,414.0,0.0,1.0983897999394685,1.0983897999394685,2.0,421960.0,100.0,0.0,0.0,102,4,2,414.0,414.0,414.0,0.0,3.291553750052117,3.291553750052117,6.0,1265880.0,100.0,0.0,0.0,0.0,2.1931639501126483,0.0
chao,p7.4.q.txt,102,4,1,427.0,427.0,427.0,0.0,1.5287919000256809,1.5287919000256809,2.0,478720.0,100.0,0.0,0.0,102,4,2,427.0,427.0,427.0,0.0,3.865788700059056,3.865788700059056,6.0,1436160.0,100.0,0.0,0.0,0.0,2.3369968000333747,0.0
chao,p7.4.r.txt,102,4,1,760.0,760.0,760.0,0.0,7.906189600005746,7.906189600005746,12.0,3430966.0,100.0,0.0,0.0,102,4,2,760.0,760.0,760.0,0.0,18.33104210015153,18.33104210015153,36.0,10292898.0,100.0,0.0,0.0,0.0,10.424852500145786,0.0
chao,p7.4.s.txt,102,4,1,671.0,671.0,671.0,0.0,7.001045499928296,7.001045499928296,12.0,3561426.0,100.0,0.0,0.0,102,4,2,671.0,671.0,671.0,0.0,19.590165600006003,19.590165600006003,36.0,10684278.0,100.0,0.0,0.0,0.0,12.589120100077707,0.0
chao,p7.4.t.txt,102,4,1,520.0,520.0,520.0,0.0,1.683275300078094,1.683275300078094,2.0,667128.0,100.0,0.0,0.0,102,4,2,520.0,520.0,520.0,0.0,5.018375949992333,5.018375949992333,6.0,2001384.0,100.0,0.0,0.0,0.0,3.3351006499142386,0.0
dang,bier127_gen1_m2.txt,128,2,1,36.0,36.0,36.0,0.0,8.883158699958585,8.883158699958585,9.0,3856050.0,100.0,0.0,0.0,128,2,2,36.0,36.0,36.0,0.0,26.29973179998342,26.29973179998342,27.0,11568150.0,100.0,0.0,0.0,0.0,17.416573100024834,0.0
dang,bier127_gen1_m3.txt,128,3,1,38.0,38.0,38.0,0.0,11.753874300047755,11.753874300047755,12.0,5116320.0,100.0,0.0,0.0,128,3,2,38.0,38.0,38.0,0.0,34.04128070001025,34.04128070001025,36.0,15350841.0,100.0,0.0,0.0,0.0,22.287406399962492,0.0
dang,bier127_gen2_m2.txt,128,2,1,1313.0,1313.0,1313.0,0.0,2.877119499957189,2.877119499957189,2.0,862752.0,100.0,0.0,0.0,128,2,2,1313.0,1313.0,1313.0,0.0,7.825889299972914,7.825889299972914,6.0,2588256.0,100.0,0.0,0.0,0.0,4.948769800015725,0.0
dang,bier127_gen2_m3.txt,128,3,1,1485.0,1485.0,1485.0,0.0,11.885213600005956,11.885213600005956,12.0,5078700.0,100.0,0.0,0.0,128,3,2,1485.0,1485.0,1485.0,0.0,33.96897644997807,33.96897644997807,36.0,15236100.0,100.0,0.0,0.0,0.0,22.083762849972118,0.0
dang,bier127_gen2_m4.txt,128,4,1,1561.0,1561.0,1561.0,0.0,2.743205800070428,2.743205800070428,2.0,862752.0,100.0,0.0,0.0,128,4,2,1561.0,1561.0,1561.0,0.0,7.864360400068108,7.864360400068108,6.0,2588256.0,100.0,0.0,0.0,0.0,5.121154599997681,0.0
dang,bier127_gen3_m2.txt,128,2,1,425.0,425.0,425.0,0.0,2.646786700002849,2.646786700002849,2.0,862752.0,100.0,0.0,0.0,128,2,2,425.0,425.0,425.0,0.0,7.97267494990956,7.97267494990956,6.0,2588256.0,100.0,0.0,0.0,0.0,5.325888249906711,0.0
dang,bier127_gen3_m3.txt,128,3,1,524.0,524.0,524.0,0.0,2.836890200036578,2.836890200036578,2.0,862752.0,100.0,0.0,0.0,128,3,2,524.0,524.0,524.0,0.0,7.803150899999309,7.803150899999309,6.0,2588256.0,100.0,0.0,0.0,0.0,4.9662606999627315,0.0
dang,bier127_gen3_m4.txt,128,4,1,555.0,555.0,555.0,0.0,2.6117047000443563,2.6117047000443563,2.0,862752.0,100.0,0.0,0.0,128,4,2,555.0,555.0,555.0,0.0,7.625160599942319,7.625160599942319,6.0,2588256.0,100.0,0.0,0.0,0.0,5.013455899897963,0.0
dang,cmt101c_m3.txt,102,3,1,810.0,810.0,810.0,0.0,9.16230219998397,9.16230219998397,12.0,3886146.0,100.0,0.0,0.0,102,3,2,810.0,810.0,810.0,0.0,26.290033199999016,26.290033199999016,36.0,11658438.0,100.0,0.0,0.0,0.0,17.127731000015046,0.0
dang,cmt151b_m3.txt,152,3,1,732.0,732.0,732.0,0.0,12.7554704999784,12.7554704999784,12.0,6177204.0,100.0,0.0,0.0,152,3,2,732.0,732.0,732.0,0.0,36.707607300020754,36.707607300020754,36.0,18531612.0,100.0,0.0,0.0,0.0,23.952136800042354,0.0
dang,cmt151c_m2.txt,152,2,1,663.0,663.0,663.0,0.0,13.805357899982482,13.805357899982482,12.0,6211062.0,100.0,0.0,0.0,152,2,2,663.0,663.0,663.0,0.0,40.93211679998785,40.93211679998785,36.0,18633186.0,100.0,0.0,0.0,0.0,27.12675890000537,0.0
dang,cmt151c_m3.txt,152,3,1,732.0,732.0,732.0,0.0,14.071414100006225,14.071414100006225,12.0,6184728.0,100.0,0.0,0.0,152,3,2,732.0,732.0,732.0,0.0,50.61769389995607,50.61769389995607,36.0,18554184.0,100.0,0.0,0.0,0.0,36.54627979994985,0.0
dang,cmt151c_m4.txt,152,4,1,810.0,810.0,810.0,0.0,13.880289900000207,13.880289900000207,12.0,6162156.0,100.0,0.0,0.0,152,4,2,810.0,810.0,810.0,0.0,50.05136580008548,50.05136580008548,36.0,18486468.0,100.0,0.0,0.0,0.0,36.17107590008527,0.0
dang,cmt200b_m2.txt,201,2,1,698.0,698.0,698.0,0.0,18.691154000000097,18.691154000000097,12.0,8396784.0,100.0,0.0,0.0,201,2,2,698.0,698.0,698.0,0.0,142.09873455006164,142.09873455006164,36.0,25190352.0,100.0,0.0,0.0,0.0,123.40758055006154,0.0
dang,cmt200b_m3.txt,201,3,1,1010.0,1010.0,1010.0,0.0,17.661756200017408,17.661756200017408,12.0,8408070.0,100.0,0.0,0.0,201,3,2,1010.0,1010.0,1010.0,0.0,133.256602700043,133.256602700043,36.0,25224210.0,100.0,0.0,0.0,0.0,115.5948465000256,0.0
dang,cmt200b_m4.txt,201,4,1,1070.0,1070.0,1070.0,0.0,13.508402699953876,13.508402699953876,12.0,8374212.0,100.0,0.0,0.0,201,4,2,1070.0,1070.0,1070.0,0.0,44.15184525004588,44.15184525004588,36.0,25122636.0,100.0,0.0,0.0,0.0,30.643442550092004,0.0
dang,cmt200c_m2.txt,201,2,1,698.0,698.0,698.0,0.0,18.094503100030124,18.094503100030124,12.0,8396784.0,100.0,0.0,0.0,201,2,2,698.0,698.0,698.0,0.0,60.46955174993491,60.46955174993491,36.0,25190352.0,100.0,0.0,0.0,0.0,42.375048649904784,0.0
dang,cmt200c_m3.txt,201,3,1,766.0,766.0,766.0,0.0,18.49571869999636,18.49571869999636,12.0,8329068.0,100.0,0.0,0.0,201,3,2,766.0,766.0,766.0,0.0,121.88795629999368,121.88795629999368,36.0,24987204.0,100.0,0.0,0.0,0.0,103.39223759999732,0.0
dang,cmt200c_m4.txt,201,4,1,859.0,859.0,859.0,0.0,18.51296349999029,18.51296349999029,12.0,8370450.0,100.0,0.0,0.0,201,4,2,859.0,859.0,859.0,0.0,67.3068569500465,67.3068569500465,36.0,25111350.0,100.0,0.0,0.0,0.0,48.7938934500562,0.0
dang,eil101b_m3.txt,102,3,1,425.0,425.0,425.0,0.0,1.7501124000409618,1.7501124000409618,2.0,667128.0,100.0,0.0,0.0,102,3,2,425.0,425.0,425.0,0.0,6.175850649946369,6.175850649946369,6.0,2001384.0,100.0,0.0,0.0,0.0,4.425738249905407,0.0
dang,eil101c_m2.txt,102,2,1,383.0,383.0,383.0,0.0,2.143399100052193,2.143399100052193,2.0,667128.0,100.0,0.0,0.0,102,2,2,383.0,383.0,383.0,0.0,7.125156550027896,7.125156550027896,6.0,2001384.0,100.0,0.0,0.0,0.0,4.981757449975703,0.0
dang,eil101c_m3.txt,102,3,1,436.0,436.0,436.0,0.0,2.066000199993141,2.066000199993141,2.0,667128.0,100.0,0.0,0.0,102,3,2,436.0,436.0,436.0,0.0,7.48164964991156,7.48164964991156,6.0,2001384.0,100.0,0.0,0.0,0.0,5.415649449918419,0.0
dang,gil262_gen1_m3.txt,263,3,1,22.0,22.0,22.0,0.0,3.1787061999784783,3.1787061999784783,2.0,1878492.0,100.0,0.0,0.0,263,3,2,22.0,22.0,22.0,0.0,10.81364260002738,10.81364260002738,6.0,5635476.0,100.0,0.0,0.0,0.0,7.634936400048902,0.0
dang,gil262_gen1_m4.txt,263,4,1,24.0,24.0,24.0,0.0,1.340954199898988,1.340954199898988,2.0,1878492.0,100.0,0.0,0.0,263,4,2,24.0,24.0,24.0,0.0,4.502795800101012,4.502795800101012,6.0,5635476.0,100.0,0.0,0.0,0.0,3.161841600202024,0.0
dang,gil262_gen2_m2.txt,263,2,1,1403.0,1403.0,1403.0,0.0,5.564477700041607,5.564477700041607,2.0,1878492.0,100.0,0.0,0.0,263,2,2,1403.0,1403.0,1403.0,0.0,65.10036209999816,65.10036209999816,6.0,5635476.0,100.0,0.0,0.0,0.0,59.53588439995656,0.0
dang,gil262_gen2_m3.txt,263,3,1,1583.0,1583.0,1583.0,0.0,3.1388968999963254,3.1388968999963254,2.0,1878492.0,100.0,0.0,0.0,263,3,2,1583.0,1583.0,1583.0,0.0,31.84136515000137,31.84136515000137,6.0,5635476.0,100.0,0.0,0.0,0.0,28.702468250005044,0.0
dang,gil262_gen3_m2.txt,263,2,1,532.0,532.0,532.0,0.0,5.779154900112189,5.779154900112189,2.0,1878492.0,100.0,0.0,0.0,263,2,2,532.0,532.0,532.0,0.0,61.24294605007162,61.24294605007162,6.0,5635476.0,100.0,0.0,0.0,0.0,55.463791149959434,0.0
dang,gil262_gen3_m4.txt,263,4,1,632.0,632.0,632.0,0.0,1.2280043999198824,1.2280043999198824,2.0,1878492.0,100.0,0.0,0.0,263,4,2,632.0,632.0,632.0,0.0,13.966498599911574,13.966498599911574,6.0,5635476.0,100.0,0.0,0.0,0.0,12.738494199991692,0.0
dang,gil262a_m2.txt,251,2,1,1352.0,1352.0,1352.0,0.0,17.8733082000399,17.8733082000399,12.0,10669032.0,100.0,0.0,0.0,251,2,2,1352.0,1352.0,1352.0,0.0,193.136255099962,193.136255099962,36.0,32007096.0,100.0,0.0,0.0,0.0,175.2629468999221,0.0
dang,gil262a_m4.txt,251,4,1,1474.0,1474.0,1474.0,0.0,1.112805899931118,1.112805899931118,2.0,1788204.0,100.0,0.0,0.0,251,4,2,1474.0,1474.0,1474.0,0.0,12.075582600024063,12.075582600024063,6.0,5364612.0,100.0,0.0,0.0,0.0,10.962776700092945,0.0
dang,gil262b_m2.txt,251,2,1,1352.0,1352.0,1352.0,0.0,22.58765509992372,22.58765509992372,12.0,10642698.0,100.0,0.0,0.0,251,2,2,1352.0,1352.0,1352.0,0.0,185.9034075999516,185.9034075999516,36.0,31928094.0,100.0,0.0,0.0,0.0,163.31575250002788,0.0
dang,gil262b_m3.txt,251,3,1,1402.0,1402.0,1402.0,0.0,5.201890500029549,5.201890500029549,2.0,1788204.0,100.0,0.0,0.0,251,3,2,1402.0,1402.0,1402.0,0.0,49.42926345008891,49.42926345008891,6.0,5364612.0,100.0,0.0,0.0,0.0,44.22737295005936,0.0
dang,gil262b_m4.txt,251,4,1,1565.0,1565.0,1565.0,0.0,4.203795099980198,4.203795099980198,2.0,1788204.0,100.0,0.0,0.0,251,4,2,1565.0,1565.0,1565.0,0.0,39.17830245004734,39.17830245004734,6.0,5364612.0,100.0,0.0,0.0,0.0,34.97450735006714,0.0
dang,gil262c_m2.txt,251,2,1,1352.0,1352.0,1352.0,0.0,23.192859000060707,23.192859000060707,12.0,10642698.0,100.0,0.0,0.0,251,2,2,1352.0,1352.0,1352.0,0.0,209.6470592499827,209.6470592499827,36.0,31928094.0,100.0,0.0,0.0,0.0,186.454200249922,0.0
dang,gil262c_m3.txt,251,3,1,1402.0,1402.0,1402.0,0.0,5.289655000087805,5.289655000087805,2.0,1788204.0,100.0,0.0,0.0,251,3,2,1402.0,1402.0,1402.0,0.0,28.13435084995581,28.13435084995581,6.0,5364612.0,100.0,0.0,0.0,0.0,22.844695849868003,0.0
dang,gil262c_m4.txt,251,4,1,1565.0,1565.0,1565.0,0.0,5.384156399988569,5.384156399988569,2.0,1788204.0,100.0,0.0,0.0,251,4,2,1565.0,1565.0,1565.0,0.0,28.171729899884667,28.171729899884667,6.0,5364612.0,100.0,0.0,0.0,0.0,22.787573499896098,0.0
dang,gr229_gen1_m4.txt,230,4,1,24.0,24.0,24.0,0.0,4.9272995999781415,4.9272995999781415,2.0,1630200.0,100.0,0.0,0.0,230,4,2,24.0,24.0,24.0,0.0,26.24683014996117,26.24683014996117,6.0,4890600.0,100.0,0.0,0.0,0.0,21.31953054998303,0.0
dang,gr229_gen2_m3.txt,230,3,1,1463.0,1463.0,1463.0,0.0,4.634185400092974,4.634185400092974,2.0,1630200.0,100.0,0.0,0.0,230,3,2,1463.0,1463.0,1463.0,0.0,26.854697700066023,26.854697700066023,6.0,4890600.0,100.0,0.0,0.0,0.0,22.22051229997305,0.0
dang,gr229_gen2_m4.txt,230,4,1,1620.0,1620.0,1620.0,0.0,4.811304499977268,4.811304499977268,2.0,1630200.0,100.0,0.0,0.0,230,4,2,1620.0,1620.0,1620.0,0.0,25.8356839499902,25.8356839499902,6.0,4890600.0,100.0,0.0,0.0,0.0,21.024379450012933,0.0
dang,gr229_gen3_m3.txt,230,3,1,379.0,379.0,379.0,0.0,4.935562900034711,4.935562900034711,2.0,1630200.0,100.0,0.0,0.0,230,3,2,379.0,379.0,379.0,0.0,25.88528749992838,25.88528749992838,6.0,4890600.0,100.0,0.0,0.0,0.0,20.94972459989367,0.0
dang,gr229_gen3_m4.txt,230,4,1,457.0,457.0,457.0,0.0,4.893130499986,4.893130499986,2.0,1630200.0,100.0,0.0,0.0,230,4,2,457.0,457.0,457.0,0.0,26.693415599991567,26.693415599991567,6.0,4890600.0,100.0,0.0,0.0,0.0,21.800285100005567,0.0
dang,kroA150_gen2_m2.txt,151,2,1,1171.0,1171.0,1171.0,0.0,2.8652257000794634,2.8652257000794634,2.0,1035804.0,100.0,0.0,0.0,151,2,2,1171.0,1171.0,1171.0,0.0,15.235033499950076,15.235033499950076,6.0,3107412.0,100.0,0.0,0.0,0.0,12.369807799870612,0.0
dang,kroA150_gen3_m3.txt,151,3,1,810.0,810.0,810.0,0.0,1.6326683999504894,1.6326683999504894,2.0,1035804.0,100.0,0.0,0.0,151,3,2,810.0,810.0,810.0,0.0,8.041470300056972,8.041470300056972,6.0,3107412.0,100.0,0.0,0.0,0.0,6.408801900106482,0.0
dang,kroA200_gen1_m4.txt,201,4,1,24.0,24.0,24.0,0.0,1.757420999929309,1.757420999929309,2.0,1412004.0,100.0,0.0,0.0,201,4,2,24.0,24.0,24.0,0.0,8.437892349960748,8.437892349960748,6.0,4236012.0,100.0,0.0,0.0,0.0,6.680471350031439,0.0
dang,kroB200_gen1_m2.txt,201,2,1,20.0,20.0,20.0,0.0,4.059865099960007,4.059865099960007,2.0,1412004.0,100.0,0.0,0.0,201,2,2,20.0,20.0,20.0,0.0,21.922701350064017,21.922701350064017,6.0,4236012.0,100.0,0.0,0.0,0.0,17.86283625010401,0.0
dang,kroB200_gen2_m2.txt,201,2,1,1315.0,1315.0,1315.0,0.0,3.982940400019288,3.982940400019288,2.0,1412004.0,100.0,0.0,0.0,201,2,2,1315.0,1315.0,1315.0,0.0,22.341638049983885,22.341638049983885,6.0,4236012.0,100.0,0.0,0.0,0.0,18.358697649964597,0.0
dang,kroB200_gen2_m4.txt,201,4,1,1665.0,1665.0,1665.0,0.0,1.7693882000166925,1.7693882000166925,2.0,1412004.0,100.0,0.0,0.0,201,4,2,1665.0,1665.0,1665.0,0.0,9.04052025009878,9.04052025009878,6.0,4236012.0,100.0,0.0,0.0,0.0,7.2711320500820875,0.0
dang,kroB200_gen3_m2.txt,201,2,1,581.0,581.0,581.0,0.0,3.77113000000827,3.77113000000827,2.0,1412004.0,100.0,0.0,0.0,201,2,2,581.0,581.0,581.0,0.0,22.671771250024904,22.671771250024904,6.0,4236012.0,100.0,0.0,0.0,0.0,18.900641250016633,0.0
dang,kroB200_gen3_m3.txt,201,3,1,642.0,642.0,642.0,0.0,2.194630900048651,2.194630900048651,2.0,1412004.0,100.0,0.0,0.0,201,3,2,642.0,642.0,642.0,0.0,13.98493964987574,13.98493964987574,6.0,4236012.0,100.0,0.0,0.0,0.0,11.790308749827089,0.0
dang,lin318_gen1_m2.txt,319,2,1,20.0,20.0,20.0,0.0,6.876415400067344,6.876415400067344,2.0,2299836.0,100.0,0.0,0.0,319,2,2,20.0,20.0,20.0,0.0,44.86537065001903,44.86537065001903,6.0,6899508.0,100.0,0.0,0.0,0.0,37.98895524995169,0.0
dang,lin318_gen1_m3.txt,319,3,1,22.0,22.0,22.0,0.0,6.652289899997413,6.652289899997413,2.0,2299836.0,100.0,0.0,0.0,319,3,2,22.0,22.0,22.0,0.0,46.33482254989213,46.33482254989213,6.0,6899508.0,100.0,0.0,0.0,0.0,39.68253264989472,0.0
dang,lin318_gen2_m2.txt,319,2,1,1227.0,1227.0,1227.0,0.0,6.89557719998993,6.89557719998993,2.0,2299836.0,100.0,0.0,0.0,319,2,2,1227.0,1227.0,1227.0,0.0,58.84908170008566,58.84908170008566,6.0,6899508.0,100.0,0.0,0.0,0.0,51.95350450009573,0.0
dang,lin318_gen2_m3.txt,319,3,1,1387.0,1387.0,1387.0,0.0,6.717529500019737,6.717529500019737,2.0,2299836.0,100.0,0.0,0.0,319,3,2,1387.0,1387.0,1387.0,0.0,72.7648102499661,72.7648102499661,6.0,6899508.0,100.0,0.0,0.0,0.0,66.04728074994637,0.0
dang,lin318_gen3_m2.txt,319,2,1,308.0,308.0,308.0,0.0,6.725810800096951,6.725810800096951,2.0,2299836.0,100.0,0.0,0.0,319,2,2,308.0,308.0,308.0,0.0,60.23998975002905,60.23998975002905,6.0,6899508.0,100.0,0.0,0.0,0.0,53.5141789499321,0.0
dang,lin318_gen3_m4.txt,319,4,1,390.0,390.0,390.0,0.0,6.474631900084205,6.474631900084205,2.0,2299836.0,100.0,0.0,0.0,319,4,2,390.0,390.0,390.0,0.0,35.94776345003629,35.94776345003629,6.0,6899508.0,100.0,0.0,0.0,0.0,29.473131549952086,0.0
dang,pr136_gen1_m2.txt,137,2,1,20.0,20.0,20.0,0.0,12.501911200000905,12.501911200000905,12.0,5541426.0,100.0,0.0,0.0,137,2,2,20.0,20.0,20.0,0.0,37.01499680004781,37.01499680004781,36.0,16624278.0,100.0,0.0,0.0,0.0,24.513085600046907,0.0
dang,pr136_gen2_m2.txt,137,2,1,1258.0,1258.0,1258.0,0.0,2.881488699931652,2.881488699931652,2.0,930468.0,100.0,0.0,0.0,137,2,2,1258.0,1258.0,1258.0,0.0,8.355359700100962,8.355359700100962,6.0,2791404.0,100.0,0.0,0.0,0.0,5.473871000169311,0.0
dang,pr264_gen1_m4.txt,265,4,1,24.0,24.0,24.0,0.0,4.122645900002681,4.122645900002681,2.0,1893540.0,100.0,0.0,0.0,265,4,2,24.0,24.0,24.0,0.0,12.625294299970848,12.625294299970848,6.0,5680620.0,100.0,0.0,0.0,0.0,8.502648399968168,0.0
dang,pr264_gen2_m2.txt,265,2,1,1151.0,1151.0,1151.0,0.0,5.260057199979201,5.260057199979201,2.0,1893540.0,100.0,0.0,0.0,265,2,2,1151.0,1151.0,1151.0,0.0,15.624413749959784,15.624413749959784,6.0,5680620.0,100.0,0.0,0.0,0.0,10.364356549980583,0.0
dang,pr264_gen2_m3.txt,265,3,1,1334.0,1334.0,1334.0,0.0,4.981335800024681,4.981335800024681,2.0,1893540.0,100.0,0.0,0.0,265,3,2,1334.0,1334.0,1334.0,0.0,15.407485150091816,15.407485150091816,6.0,5680620.0,100.0,0.0,0.0,0.0,10.426149350067135,0.0
dang,pr264_gen2_m4.txt,265,4,1,1488.0,1488.0,1488.0,0.0,4.105791400070302,4.105791400070302,2.0,1893540.0,100.0,0.0,0.0,265,4,2,1488.0,1488.0,1488.0,0.0,12.272134199971331,12.272134199971331,6.0,5680620.0,100.0,0.0,0.0,0.0,8.16634279990103,0.0
dang,pr264_gen3_m3.txt,265,3,1,591.0,591.0,591.0,0.0,8.741898600012064,8.741898600012064,4.0,3768270.0,100.0,0.0,0.0,265,3,2,591.0,591.0,591.0,0.0,27.10871440003393,27.10871440003393,12.0,11304810.0,100.0,0.0,0.0,0.0,18.366815800021865,0.0
dang,pr299_gen1_m2.txt,300,2,1,20.0,20.0,20.0,0.0,6.345938800019212,6.345938800019212,2.0,2156880.0,100.0,0.0,0.0,300,2,2,20.0,20.0,20.0,0.0,18.7809775499627,18.7809775499627,6.0,6470640.0,100.0,0.0,0.0,0.0,12.435038749943487,0.0
dang,pr299_gen1_m3.txt,300,3,1,22.0,22.0,22.0,0.0,3.5009394000517204,3.5009394000517204,2.0,2156880.0,100.0,0.0,0.0,300,3,2,22.0,22.0,22.0,0.0,13.390279700106476,13.390279700106476,6.0,6470640.0,100.0,0.0,0.0,0.0,9.889340300054755,0.0
dang,pr299_gen1_m4.txt,300,4,1,24.0,24.0,24.0,0.0,2.734415600076318,2.734415600076318,2.0,2156880.0,100.0,0.0,0.0,300,4,2,24.0,24.0,24.0,0.0,10.730016899993643,10.730016899993643,6.0,6470640.0,100.0,0.0,0.0,0.0,7.995601299917325,0.0
dang,pr299_gen2_m3.txt,300,3,1,1339.0,1339.0,1339.0,0.0,3.816066199913621,3.816066199913621,2.0,2156880.0,100.0,0.0,0.0,300,3,2,1339.0,1339.0,1339.0,0.0,11.727478249988051,11.727478249988051,6.0,6470640.0,100.0,0.0,0.0,0.0,7.91141205007443,0.0
dang,pr299_gen2_m4.txt,300,4,1,1486.0,1486.0,1486.0,0.0,2.9914133000420406,2.9914133000420406,2.0,2156880.0,100.0,0.0,0.0,300,4,2,1486.0,1486.0,1486.0,0.0,13.840209950110877,13.840209950110877,6.0,6470640.0,100.0,0.0,0.0,0.0,10.848796650068836,0.0
dang,pr299_gen3_m2.txt,300,2,1,374.0,374.0,374.0,0.0,6.340586700011045,6.340586700011045,2.0,2156880.0,100.0,0.0,0.0,300,2,2,374.0,374.0,374.0,0.0,39.91792620008346,39.91792620008346,6.0,6470640.0,100.0,0.0,0.0,0.0,33.57733950007241,0.0
dang,pr299_gen3_m3.txt,300,3,1,404.0,404.0,404.0,0.0,3.461194299976341,3.461194299976341,2.0,2156880.0,100.0,0.0,0.0,300,3,2,404.0,404.0,404.0,0.0,21.55169134994503,21.55169134994503,6.0,6470640.0,100.0,0.0,0.0,0.0,18.09049704996869,0.0
dang,pr299_gen3_m4.txt,300,4,1,450.0,450.0,450.0,0.0,2.7831450999947265,2.7831450999947265,2.0,2156880.0,100.0,0.0,0.0,300,4,2,450.0,450.0,450.0,0.0,18.44591795007,18.44591795007,6.0,6470640.0,100.0,0.0,0.0,0.0,15.662772850075275,0.0
dang,rat195_gen2_m2.txt,196,2,1,1253.0,1253.0,1253.0,0.0,4.25102850003168,4.25102850003168,2.0,1374384.0,100.0,0.0,0.0,196,2,2,1253.0,1253.0,1253.0,0.0,15.127605350047816,15.127605350047816,6.0,4123152.0,100.0,0.0,0.0,0.0,10.876576850016136,0.0
dang,rat195_gen3_m3.txt,196,3,1,584.0,584.0,584.0,0.0,3.809355199919082,3.809355199919082,2.0,1374384.0,100.0,0.0,0.0,196,3,2,584.0,584.0,584.0,0.0,11.530856849858536,11.530856849858536,6.0,4123152.0,100.0,0.0,0.0,0.0,7.721501649939453,0.0
dang,rd400_gen1_m2.txt,401,2,1,20.0,20.0,20.0,0.0,9.057332700002007,9.057332700002007,2.0,2916804.0,100.0,0.0,0.0,401,2,2,20.0,20.0,20.0,0.0,26.40148985001724,26.40148985001724,6.0,8750412.0,100.0,0.0,0.0,0.0,17.34415715001523,0.0
dang,rd400_gen1_m3.txt,401,3,1,22.0,22.0,22.0,0.0,9.033294899971224,9.033294899971224,2.0,2916804.0,100.0,0.0,0.0,401,3,2,22.0,22.0,22.0,0.0,26.65446485002758,26.65446485002758,6.0,8750412.0,100.0,0.0,0.0,0.0,17.621169950056355,0.0
dang,rd400_gen1_m4.txt,401,4,1,24.0,24.0,24.0,0.0,8.61420279997401,8.61420279997401,2.0,2916804.0,100.0,0.0,0.0,401,4,2,24.0,24.0,24.0,0.0,25.0872963500442,25.0872963500442,6.0,8750412.0,100.0,0.0,0.0,0.0,16.47309355007019,0.0
dang,rd400_gen2_m2.txt,401,2,1,1356.0,1356.0,1356.0,0.0,9.13769180001691,9.13769180001691,2.0,2916804.0,100.0,0.0,0.0,401,2,2,1356.0,1356.0,1356.0,0.0,26.75829814997269,26.75829814997269,6.0,8750412.0,100.0,0.0,0.0,0.0,17.62060634995578,0.0
dang,rd400_gen2_m3.txt,401,3,1,1541.0,1541.0,1541.0,0.0,8.983326300047338,8.983326300047338,2.0,2916804.0,100.0,0.0,0.0,401,3,2,1541.0,1541.0,1541.0,0.0,27.502088049950544,27.502088049950544,6.0,8750412.0,100.0,0.0,0.0,0.0,18.518761749903206,0.0
dang,rd400_gen2_m4.txt,401,4,1,1716.0,1716.0,1716.0,0.0,8.503864699974656,8.503864699974656,2.0,2916804.0,100.0,0.0,0.0,401,4,2,1716.0,1716.0,1716.0,0.0,25.33477844990557,25.33477844990557,6.0,8750412.0,100.0,0.0,0.0,0.0,16.830913749930914,0.0
dang,rd400_gen3_m2.txt,401,2,1,521.0,521.0,521.0,0.0,9.330814799992368,9.330814799992368,2.0,2916804.0,100.0,0.0,0.0,401,2,2,521.0,521.0,521.0,0.0,26.588593799970116,26.588593799970116,6.0,8750412.0,100.0,0.0,0.0,0.0,17.25777899997775,0.0
dang,rd400_gen3_m3.txt,401,3,1,680.0,680.0,680.0,0.0,8.979825200047344,8.979825200047344,2.0,2916804.0,100.0,0.0,0.0,401,3,2,680.0,680.0,680.0,0.0,26.573205100081395,26.573205100081395,6.0,8750412.0,100.0,0.0,0.0,0.0,17.59337990003405,0.0
dang,rd400_gen3_m4.txt,401,4,1,821.0,821.0,821.0,0.0,8.673063799971715,8.673063799971715,2.0,2916804.0,100.0,0.0,0.0,401,4,2,821.0,821.0,821.0,0.0,25.19307689997368,25.19307689997368,6.0,8750412.0,100.0,0.0,0.0,0.0,16.520013100001965,0.0
dang,ts225_gen2_m2.txt,226,2,1,1170.0,1170.0,1170.0,0.0,4.814646600047126,4.814646600047126,2.0,1600104.0,100.0,0.0,0.0,226,2,2,1170.0,1170.0,1170.0,0.0,14.100606299878564,14.100606299878564,6.0,4800312.0,100.0,0.0,0.0,0.0,9.285959699831437,0.0
vansteenwegen,bier127_gen1_m2.txt,128,2,1,36.0,36.0,36.0,0.0,8.838506100000814,8.838506100000814,9.0,3856050.0,100.0,0.0,0.0,128,2,2,36.0,36.0,36.0,0.0,26.759182349895127,26.759182349895127,27.0,11568150.0,100.0,0.0,0.0,0.0,17.920676249894314,0.0
vansteenwegen,bier127_gen1_m3.txt,128,3,1,38.0,38.0,38.0,0.0,11.747861100011503,11.747861100011503,12.0,5116320.0,100.0,0.0,0.0,128,3,2,38.0,38.0,38.0,0.0,34.38649045006605,34.38649045006605,36.0,15350841.0,100.0,0.0,0.0,0.0,22.638629350054543,0.0
vansteenwegen,bier127_gen2_m2.txt,128,2,1,1313.0,1313.0,1313.0,0.0,2.7986177999991924,2.7986177999991924,2.0,862752.0,100.0,0.0,0.0,128,2,2,1313.0,1313.0,1313.0,0.0,7.90301345003536,7.90301345003536,6.0,2588256.0,100.0,0.0,0.0,0.0,5.104395650036167,0.0
vansteenwegen,bier127_gen2_m3.txt,128,3,1,1485.0,1485.0,1485.0,0.0,11.528324600076305,11.528324600076305,12.0,5078700.0,100.0,0.0,0.0,128,3,2,1485.0,1485.0,1485.0,0.0,34.38935259997379,34.38935259997379,36.0,15236100.0,100.0,0.0,0.0,0.0,22.861027999897487,0.0
vansteenwegen,bier127_gen2_m4.txt,128,4,1,1561.0,1561.0,1561.0,0.0,2.766706500086002,2.766706500086002,2.0,862752.0,100.0,0.0,0.0,128,4,2,1561.0,1561.0,1561.0,0.0,7.842451450007502,7.842451450007502,6.0,2588256.0,100.0,0.0,0.0,0.0,5.0757449499215,0.0
vansteenwegen,bier127_gen3_m2.txt,128,2,1,425.0,425.0,425.0,0.0,2.591375199961476,2.591375199961476,2.0,862752.0,100.0,0.0,0.0,128,2,2,425.0,425.0,425.0,0.0,7.821462800027803,7.821462800027803,6.0,2588256.0,100.0,0.0,0.0,0.0,5.230087600066327,0.0
vansteenwegen,bier127_gen3_m3.txt,128,3,1,524.0,524.0,524.0,0.0,2.805112399975769,2.805112399975769,2.0,862752.0,100.0,0.0,0.0,128,3,2,524.0,524.0,524.0,0.0,7.898306400107685,7.898306400107685,6.0,2588256.0,100.0,0.0,0.0,0.0,5.093194000131915,0.0
vansteenwegen,bier127_gen3_m4.txt,128,4,1,555.0,555.0,555.0,0.0,2.5235141000011936,2.5235141000011936,2.0,862752.0,100.0,0.0,0.0,128,4,2,555.0,555.0,555.0,0.0,7.772351400053594,7.772351400053594,6.0,2588256.0,100.0,0.0,0.0,0.0,5.248837300052401,0.0
vansteenwegen,cmt101c_m3.txt,102,3,1,810.0,810.0,810.0,0.0,8.876649899990298,8.876649899990298,12.0,3886146.0,100.0,0.0,0.0,102,3,2,810.0,810.0,810.0,0.0,26.545270050002728,26.545270050002728,36.0,11658438.0,100.0,0.0,0.0,0.0,17.66862015001243,0.0
vansteenwegen,cmt151b_m3.txt,152,3,1,732.0,732.0,732.0,0.0,12.458491099998357,12.458491099998357,12.0,6177204.0,100.0,0.0,0.0,152,3,2,732.0,732.0,732.0,0.0,36.76689345005434,36.76689345005434,36.0,18531612.0,100.0,0.0,0.0,0.0,24.308402350055985,0.0
vansteenwegen,cmt151c_m2.txt,152,2,1,663.0,663.0,663.0,0.0,13.077306600054726,13.077306600054726,12.0,6211062.0,100.0,0.0,0.0,152,2,2,663.0,663.0,663.0,0.0,40.567892999970354,40.567892999970354,36.0,18633186.0,100.0,0.0,0.0,0.0,27.490586399915628,0.0
vansteenwegen,cmt151c_m3.txt,152,3,1,732.0,732.0,732.0,0.0,13.51096880005207,13.51096880005207,12.0,6184728.0,100.0,0.0,0.0,152,3,2,732.0,732.0,732.0,0.0,41.12819490005495,41.12819490005495,36.0,18554184.0,100.0,0.0,0.0,0.0,27.61722610000288,0.0
vansteenwegen,cmt151c_m4.txt,152,4,1,810.0,810.0,810.0,0.0,13.90040579997003,13.90040579997003,12.0,6162156.0,100.0,0.0,0.0,152,4,2,810.0,810.0,810.0,0.0,41.118177599972114,41.118177599972114,36.0,18486468.0,100.0,0.0,0.0,0.0,27.217771800002083,0.0
vansteenwegen,cmt200b_m2.txt,201,2,1,698.0,698.0,698.0,0.0,18.55403049988672,18.55403049988672,12.0,8396784.0,100.0,0.0,0.0,201,2,2,698.0,698.0,698.0,0.0,55.03383660002146,55.03383660002146,36.0,25190352.0,100.0,0.0,0.0,0.0,36.47980610013474,0.0
vansteenwegen,cmt200b_m3.txt,201,3,1,1010.0,1010.0,1010.0,0.0,18.56948800000828,18.56948800000828,12.0,8408070.0,100.0,0.0,0.0,201,3,2,1010.0,1010.0,1010.0,0.0,51.41694915003609,51.41694915003609,36.0,25224210.0,100.0,0.0,0.0,0.0,32.84746115002781,0.0
vansteenwegen,cmt200b_m4.txt,201,4,1,1070.0,1070.0,1070.0,0.0,13.296060499968007,13.296060499968007,12.0,8374212.0,100.0,0.0,0.0,201,4,2,1070.0,1070.0,1070.0,0.0,39.6689038000186,39.6689038000186,36.0,25122636.0,100.0,0.0,0.0,0.0,26.37284330005059,0.0
vansteenwegen,cmt200c_m2.txt,201,2,1,698.0,698.0,698.0,0.0,18.485853900085203,18.485853900085203,12.0,8396784.0,100.0,0.0,0.0,201,2,2,698.0,698.0,698.0,0.0,54.97655725001823,54.97655725001823,36.0,25190352.0,100.0,0.0,0.0,0.0,36.49070334993303,0.0
vansteenwegen,cmt200c_m3.txt,201,3,1,766.0,766.0,766.0,0.0,18.29110559995752,18.29110559995752,12.0,8329068.0,100.0,0.0,0.0,201,3,2,766.0,766.0,766.0,0.0,54.34404890000587,54.34404890000587,36.0,24987204.0,100.0,0.0,0.0,0.0,36.052943300048355,0.0
vansteenwegen,cmt200c_m4.txt,201,4,1,859.0,859.0,859.0,0.0,18.151581699959934,18.151581699959934,12.0,8370450.0,100.0,0.0,0.0,201,4,2,859.0,859.0,859.0,0.0,53.98257905006176,53.98257905006176,36.0,25111350.0,100.0,0.0,0.0,0.0,35.830997350101825,0.0
vansteenwegen,eil101b_m3.txt,102,3,1,425.0,425.0,425.0,0.0,1.8561537999194115,1.8561537999194115,2.0,667128.0,100.0,0.0,0.0,102,3,2,425.0,425.0,425.0,0.0,5.298836250090972,5.298836250090972,6.0,2001384.0,100.0,0.0,0.0,0.0,3.44268245017156,0.0
vansteenwegen,eil101c_m2.txt,102,2,1,383.0,383.0,383.0,0.0,2.222291599959135,2.222291599959135,2.0,667128.0,100.0,0.0,0.0,102,2,2,383.0,383.0,383.0,0.0,6.417948150017764,6.417948150017764,6.0,2001384.0,100.0,0.0,0.0,0.0,4.195656550058629,0.0
vansteenwegen,eil101c_m3.txt,102,3,1,436.0,436.0,436.0,0.0,2.0033735000761226,2.0033735000761226,2.0,667128.0,100.0,0.0,0.0,102,3,2,436.0,436.0,436.0,0.0,6.321501949976664,6.321501949976664,6.0,2001384.0,100.0,0.0,0.0,0.0,4.3181284499005415,0.0
vansteenwegen,gil262_gen1_m3.txt,263,3,1,22.0,22.0,22.0,0.0,3.125352800008841,3.125352800008841,2.0,1878492.0,100.0,0.0,0.0,263,3,2,22.0,22.0,22.0,0.0,9.118344699963927,9.118344699963927,6.0,5635476.0,100.0,0.0,0.0,0.0,5.992991899955086,0.0
vansteenwegen,gil262_gen1_m4.txt,263,4,1,24.0,24.0,24.0,0.0,1.2576757000060752,1.2576757000060752,2.0,1878492.0,100.0,0.0,0.0,263,4,2,24.0,24.0,24.0,0.0,3.993301349983085,3.993301349983085,6.0,5635476.0,100.0,0.0,0.0,0.0,2.7356256499770097,0.0
vansteenwegen,gil262_gen2_m2.txt,263,2,1,1403.0,1403.0,1403.0,0.0,5.531266300007701,5.531266300007701,2.0,1878492.0,100.0,0.0,0.0,263,2,2,1403.0,1403.0,1403.0,0.0,16.63545644993428,16.63545644993428,6.0,5635476.0,100.0,0.0,0.0,0.0,11.10419014992658,0.0
vansteenwegen,gil262_gen2_m3.txt,263,3,1,1583.0,1583.0,1583.0,0.0,3.140199700021185,3.140199700021185,2.0,1878492.0,100.0,0.0,0.0,263,3,2,1583.0,1583.0,1583.0,0.0,9.274745850008912,9.274745850008912,6.0,5635476.0,100.0,0.0,0.0,0.0,6.134546149987727,0.0
vansteenwegen,gil262_gen3_m2.txt,263,2,1,532.0,532.0,532.0,0.0,5.554148999974132,5.554148999974132,2.0,1878492.0,100.0,0.0,0.0,263,2,2,532.0,532.0,532.0,0.0,16.49996814999031,16.49996814999031,6.0,5635476.0,100.0,0.0,0.0,0.0,10.945819150016177,0.0
vansteenwegen,gil262_gen3_m4.txt,263,4,1,632.0,632.0,632.0,0.0,1.3059505999553949,1.3059505999553949,2.0,1878492.0,100.0,0.0,0.0,263,4,2,632.0,632.0,632.0,0.0,4.085096049995627,4.085096049995627,6.0,5635476.0,100.0,0.0,0.0,0.0,2.7791454500402324,0.0
vansteenwegen,gil262a_m2.txt,251,2,1,1352.0,1352.0,1352.0,0.0,17.880158999934793,17.880158999934793,12.0,10669032.0,100.0,0.0,0.0,251,2,2,1352.0,1352.0,1352.0,0.0,65.44843329995638,65.44843329995638,36.0,32007096.0,100.0,0.0,0.0,0.0,47.568274300021585,0.0
vansteenwegen,gil262a_m4.txt,251,4,1,1474.0,1474.0,1474.0,0.0,1.126085099996999,1.126085099996999,2.0,1788204.0,100.0,0.0,0.0,251,4,2,1474.0,1474.0,1474.0,0.0,3.776106500008609,3.776106500008609,6.0,5364612.0,100.0,0.0,0.0,0.0,2.6500214000116102,0.0
vansteenwegen,gil262b_m2.txt,251,2,1,1352.0,1352.0,1352.0,0.0,23.517228699987754,23.517228699987754,12.0,10642698.0,100.0,0.0,0.0,251,2,2,1352.0,1352.0,1352.0,0.0,72.89565605006646,72.89565605006646,36.0,31928094.0,100.0,0.0,0.0,0.0,49.37842735007871,0.0
vansteenwegen,gil262b_m3.txt,251,3,1,1402.0,1402.0,1402.0,0.0,5.027116899960674,5.027116899960674,2.0,1788204.0,100.0,0.0,0.0,251,3,2,1402.0,1402.0,1402.0,0.0,15.460680000076536,15.460680000076536,6.0,5364612.0,100.0,0.0,0.0,0.0,10.433563100115862,0.0
vansteenwegen,gil262b_m4.txt,251,4,1,1565.0,1565.0,1565.0,0.0,4.099884200026281,4.099884200026281,2.0,1788204.0,100.0,0.0,0.0,251,4,2,1565.0,1565.0,1565.0,0.0,16.84797465003794,16.84797465003794,6.0,5364612.0,100.0,0.0,0.0,0.0,12.74809045001166,0.0
vansteenwegen,gil262c_m2.txt,251,2,1,1352.0,1352.0,1352.0,0.0,23.21749930002261,23.21749930002261,12.0,10642698.0,100.0,0.0,0.0,251,2,2,1352.0,1352.0,1352.0,0.0,75.05993470002431,75.05993470002431,36.0,31928094.0,100.0,0.0,0.0,0.0,51.842435400001705,0.0
vansteenwegen,gil262c_m3.txt,251,3,1,1402.0,1402.0,1402.0,0.0,5.548864400014281,5.548864400014281,2.0,1788204.0,100.0,0.0,0.0,251,3,2,1402.0,1402.0,1402.0,0.0,15.24410815013107,15.24410815013107,6.0,5364612.0,100.0,0.0,0.0,0.0,9.695243750116788,0.0
vansteenwegen,gil262c_m4.txt,251,4,1,1565.0,1565.0,1565.0,0.0,5.264568199985661,5.264568199985661,2.0,1788204.0,100.0,0.0,0.0,251,4,2,1565.0,1565.0,1565.0,0.0,15.512925649876706,15.512925649876706,6.0,5364612.0,100.0,0.0,0.0,0.0,10.248357449891046,0.0
vansteenwegen,gr229_gen1_m4.txt,230,4,1,24.0,24.0,24.0,0.0,4.959427100024186,4.959427100024186,2.0,1630200.0,100.0,0.0,0.0,230,4,2,24.0,24.0,24.0,0.0,14.495517699921038,14.495517699921038,6.0,4890600.0,100.0,0.0,0.0,0.0,9.536090599896852,0.0
vansteenwegen,gr229_gen2_m3.txt,230,3,1,1463.0,1463.0,1463.0,0.0,4.911965599982068,4.911965599982068,2.0,1630200.0,100.0,0.0,0.0,230,3,2,1463.0,1463.0,1463.0,0.0,15.658064700022804,15.658064700022804,6.0,4890600.0,100.0,0.0,0.0,0.0,10.746099100040736,0.0
vansteenwegen,gr229_gen2_m4.txt,230,4,1,1620.0,1620.0,1620.0,0.0,4.945827199961059,4.945827199961059,2.0,1630200.0,100.0,0.0,0.0,230,4,2,1620.0,1620.0,1620.0,0.0,19.75136080011725,19.75136080011725,6.0,4890600.0,100.0,0.0,0.0,0.0,14.805533600156192,0.0
vansteenwegen,gr229_gen3_m3.txt,230,3,1,379.0,379.0,379.0,0.0,4.813208699924871,4.813208699924871,2.0,1630200.0,100.0,0.0,0.0,230,3,2,379.0,379.0,379.0,0.0,17.980233250011224,17.980233250011224,6.0,4890600.0,100.0,0.0,0.0,0.0,13.167024550086353,0.0
vansteenwegen,gr229_gen3_m4.txt,230,4,1,457.0,457.0,457.0,0.0,4.929530199966393,4.929530199966393,2.0,1630200.0,100.0,0.0,0.0,230,4,2,457.0,457.0,457.0,0.0,15.972863699949812,15.972863699949812,6.0,4890600.0,100.0,0.0,0.0,0.0,11.043333499983419,0.0
vansteenwegen,kroA150_gen2_m2.txt,151,2,1,1171.0,1171.0,1171.0,0.0,2.725898699951358,2.725898699951358,2.0,1035804.0,100.0,0.0,0.0,151,2,2,1171.0,1171.0,1171.0,0.0,11.522351749998052,11.522351749998052,6.0,3107412.0,100.0,0.0,0.0,0.0,8.796453050046694,0.0
vansteenwegen,kroA150_gen3_m3.txt,151,3,1,810.0,810.0,810.0,0.0,1.7361708000535143,1.7361708000535143,2.0,1035804.0,100.0,0.0,0.0,151,3,2,810.0,810.0,810.0,0.0,5.464162350108381,5.464162350108381,6.0,3107412.0,100.0,0.0,0.0,0.0,3.727991550054867,0.0
vansteenwegen,kroA200_gen1_m4.txt,201,4,1,24.0,24.0,24.0,0.0,1.5909410000313071,1.5909410000313071,2.0,1412004.0,100.0,0.0,0.0,201,4,2,24.0,24.0,24.0,0.0,6.264859699935187,6.264859699935187,6.0,4236012.0,100.0,0.0,0.0,0.0,4.673918699903879,0.0
vansteenwegen,kroB200_gen1_m2.txt,201,2,1,20.0,20.0,20.0,0.0,4.1954952999949455,4.1954952999949455,2.0,1412004.0,100.0,0.0,0.0,201,2,2,20.0,20.0,20.0,0.0,14.18661664990941,14.18661664990941,6.0,4236012.0,100.0,0.0,0.0,0.0,9.991121349914465,0.0
vansteenwegen,kroB200_gen2_m2.txt,201,2,1,1315.0,1315.0,1315.0,0.0,3.948947800090537,3.948947800090537,2.0,1412004.0,100.0,0.0,0.0,201,2,2,1315.0,1315.0,1315.0,0.0,14.21490579994861,14.21490579994861,6.0,4236012.0,100.0,0.0,0.0,0.0,10.265957999858074,0.0
vansteenwegen,kroB200_gen2_m4.txt,201,4,1,1665.0,1665.0,1665.0,0.0,1.767135199974291,1.767135199974291,2.0,1412004.0,100.0,0.0,0.0,201,4,2,1665.0,1665.0,1665.0,0.0,7.024380350019783,7.024380350019783,6.0,4236012.0,100.0,0.0,0.0,0.0,5.257245150045492,0.0
vansteenwegen,kroB200_gen3_m2.txt,201,2,1,581.0,581.0,581.0,0.0,4.26482240005862,4.26482240005862,2.0,1412004.0,100.0,0.0,0.0,201,2,2,581.0,581.0,581.0,0.0,14.228448599926196,14.228448599926196,6.0,4236012.0,100.0,0.0,0.0,0.0,9.963626199867576,0.0
vansteenwegen,kroB200_gen3_m3.txt,201,3,1,642.0,642.0,642.0,0.0,2.165534200030379,2.165534200030379,2.0,1412004.0,100.0,0.0,0.0,201,3,2,642.0,642.0,642.0,0.0,7.961094450030941,7.961094450030941,6.0,4236012.0,100.0,0.0,0.0,0.0,5.795560250000562,0.0
vansteenwegen,pr136_gen1_m2.txt,137,2,1,20.0,20.0,20.0,0.0,12.468779299990274,12.468779299990274,12.0,5541426.0,100.0,0.0,0.0,137,2,2,20.0,20.0,20.0,0.0,43.63354549999349,43.63354549999349,36.0,16624278.0,100.0,0.0,0.0,0.0,31.164766200003214,0.0
vansteenwegen,pr136_gen2_m2.txt,137,2,1,1258.0,1258.0,1258.0,0.0,2.7939420000184327,2.7939420000184327,2.0,930468.0,100.0,0.0,0.0,137,2,2,1258.0,1258.0,1258.0,0.0,10.185314949892929,10.185314949892929,6.0,2791404.0,100.0,0.0,0.0,0.0,7.391372949874496,0.0
vansteenwegen,pr264_gen1_m4.txt,265,4,1,24.0,24.0,24.0,0.0,4.119194100028835,4.119194100028835,2.0,1893540.0,100.0,0.0,0.0,265,4,2,24.0,24.0,24.0,0.0,12.1104184500291,12.1104184500291,6.0,5680620.0,100.0,0.0,0.0,0.0,7.991224350000264,0.0
vansteenwegen,pr264_gen2_m2.txt,265,2,1,1151.0,1151.0,1151.0,0.0,5.143118500011042,5.143118500011042,2.0,1893540.0,100.0,0.0,0.0,265,2,2,1151.0,1151.0,1151.0,0.0,15.0191816999577,15.0191816999577,6.0,5680620.0,100.0,0.0,0.0,0.0,9.876063199946659,0.0
vansteenwegen,pr264_gen2_m3.txt,265,3,1,1334.0,1334.0,1334.0,0.0,5.324689999921247,5.324689999921247,2.0,1893540.0,100.0,0.0,0.0,265,3,2,1334.0,1334.0,1334.0,0.0,15.16344350000145,15.16344350000145,6.0,5680620.0,100.0,0.0,0.0,0.0,9.838753500080202,0.0
vansteenwegen,pr264_gen2_m4.txt,265,4,1,1488.0,1488.0,1488.0,0.0,4.073797699995339,4.073797699995339,2.0,1893540.0,100.0,0.0,0.0,265,4,2,1488.0,1488.0,1488.0,0.0,12.082639150088651,12.082639150088651,6.0,5680620.0,100.0,0.0,0.0,0.0,8.008841450093312,0.0
vansteenwegen,pr264_gen3_m3.txt,265,3,1,591.0,591.0,591.0,0.0,8.787093200022355,8.787093200022355,4.0,3768270.0,100.0,0.0,0.0,265,3,2,591.0,591.0,591.0,0.0,25.42158555000788,25.42158555000788,12.0,11304810.0,100.0,0.0,0.0,0.0,16.634492349985525,0.0
vansteenwegen,pr299_gen1_m2.txt,300,2,1,20.0,20.0,20.0,0.0,6.303921699989587,6.303921699989587,2.0,2156880.0,100.0,0.0,0.0,300,2,2,20.0,20.0,20.0,0.0,18.274902900040612,18.274902900040612,6.0,6470640.0,100.0,0.0,0.0,0.0,11.970981200051025,0.0
vansteenwegen,pr299_gen1_m3.txt,300,3,1,22.0,22.0,22.0,0.0,3.4938668000977486,3.4938668000977486,2.0,2156880.0,100.0,0.0,0.0,300,3,2,22.0,22.0,22.0,0.0,10.40652739990037,10.40652739990037,6.0,6470640.0,100.0,0.0,0.0,0.0,6.912660599802621,0.0
vansteenwegen,pr299_gen1_m4.txt,300,4,1,24.0,24.0,24.0,0.0,2.6910329000093043,2.6910329000093043,2.0,2156880.0,100.0,0.0,0.0,300,4,2,24.0,24.0,24.0,0.0,10.48574735003058,10.48574735003058,6.0,6470640.0,100.0,0.0,0.0,0.0,7.794714450021276,0.0
vansteenwegen,pr299_gen2_m3.txt,300,3,1,1339.0,1339.0,1339.0,0.0,3.6165713000809774,3.6165713000809774,2.0,2156880.0,100.0,0.0,0.0,300,3,2,1339.0,1339.0,1339.0,0.0,12.334302249888424,12.334302249888424,6.0,6470640.0,100.0,0.0,0.0,0.0,8.717730949807446,0.0
vansteenwegen,pr299_gen2_m4.txt,300,4,1,1486.0,1486.0,1486.0,0.0,2.900782100041397,2.900782100041397,2.0,2156880.0,100.0,0.0,0.0,300,4,2,1486.0,1486.0,1486.0,0.0,9.97423145006178,9.97423145006178,6.0,6470640.0,100.0,0.0,0.0,0.0,7.0734493500203826,0.0
vansteenwegen,pr299_gen3_m2.txt,300,2,1,374.0,374.0,374.0,0.0,6.272034600027837,6.272034600027837,2.0,2156880.0,100.0,0.0,0.0,300,2,2,374.0,374.0,374.0,0.0,22.224828649952546,22.224828649952546,6.0,6470640.0,100.0,0.0,0.0,0.0,15.952794049924709,0.0
vansteenwegen,pr299_gen3_m3.txt,300,3,1,404.0,404.0,404.0,0.0,3.6461740999948233,3.6461740999948233,2.0,2156880.0,100.0,0.0,0.0,300,3,2,404.0,404.0,404.0,0.0,12.354828199895564,12.354828199895564,6.0,6470640.0,100.0,0.0,0.0,0.0,8.708654099900741,0.0
vansteenwegen,pr299_gen3_m4.txt,300,4,1,450.0,450.0,450.0,0.0,2.5279837999260053,2.5279837999260053,2.0,2156880.0,100.0,0.0,0.0,300,4,2,450.0,450.0,450.0,0.0,9.61714324989589,9.61714324989589,6.0,6470640.0,100.0,0.0,0.0,0.0,7.089159449969884,0.0
vansteenwegen,rat195_gen2_m2.txt,196,2,1,1253.0,1253.0,1253.0,0.0,4.12024089996703,4.12024089996703,2.0,1374384.0,100.0,0.0,0.0,196,2,2,1253.0,1253.0,1253.0,0.0,15.52986539999256,15.52986539999256,6.0,4123152.0,100.0,0.0,0.0,0.0,11.409624500025531,0.0
vansteenwegen,rat195_gen3_m3.txt,196,3,1,584.0,584.0,584.0,0.0,3.9616700999904415,3.9616700999904415,2.0,1374384.0,100.0,0.0,0.0,196,3,2,584.0,584.0,584.0,0.0,12.25315005000448,12.25315005000448,6.0,4123152.0,100.0,0.0,0.0,0.0,8.29147995001404,0.0
vansteenwegen,ts225_gen2_m2.txt,226,2,1,1170.0,1170.0,1170.0,0.0,4.912324600038119,4.912324600038119,2.0,1600104.0,100.0,0.0,0.0,226,2,2,1170.0,1170.0,1170.0,0.0,16.95332440006314,16.95332440006314,6.0,4800312.0,100.0,0.0,0.0,0.0,12.04099980002502,0.0
