dataset,instance,num_nodes,team_size,runs,reference_best_score,best_score,mean_score,std_score,mean_cpu_time_seconds,median_cpu_time_seconds,mean_lp_solves,mean_labels_generated,success_rate_percent,mean_gap_to_reference_best_percent,max_gap_to_reference_best_percent
chao,p4.2.a.txt,100,2,1,153.0,153.0,153.0,0.0,0.22732449998147786,0.22732449998147786,2.0,87472.0,100.0,0.0,0.0
chao,p4.2.b.txt,100,2,1,214.0,214.0,214.0,0.0,0.42137039999943227,0.42137039999943227,2.0,265232.0,100.0,0.0,0.0
chao,p4.2.c.txt,100,2,1,269.0,269.0,269.0,0.0,0.657276300014928,0.657276300014928,2.0,360360.0,100.0,0.0,0.0
chao,p4.2.d.txt,100,2,1,302.0,302.0,302.0,0.0,0.8974118999904022,0.8974118999904022,2.0,360360.0,100.0,0.0,0.0
chao,p4.2.e.txt,100,2,1,340.0,340.0,340.0,0.0,1.1412970999954268,1.1412970999954268,2.0,526592.0,100.0,0.0,0.0
chao,p4.2.f.txt,100,2,1,371.0,371.0,371.0,0.0,1.79014559998177,1.79014559998177,2.0,652080.0,100.0,0.0,0.0
chao,p4.2.g.txt,100,2,1,398.0,398.0,398.0,0.0,1.6013526000315323,1.6013526000315323,2.0,652080.0,100.0,0.0,0.0
chao,p4.2.h.txt,100,2,1,415.0,415.0,415.0,0.0,1.8041497999802232,1.8041497999802232,2.0,652080.0,100.0,0.0,0.0
chao,p4.2.i.txt,100,2,1,415.0,415.0,415.0,0.0,2.3692773000802845,2.3692773000802845,2.0,652080.0,100.0,0.0,0.0
chao,p4.2.j.txt,100,2,1,415.0,415.0,415.0,0.0,2.0406253000255674,2.0406253000255674,2.0,652080.0,100.0,0.0,0.0
chao,p4.2.k.txt,100,2,1,415.0,415.0,415.0,0.0,2.109841800061986,2.109841800061986,2.0,652080.0,100.0,0.0,0.0
chao,p4.2.l.txt,100,2,1,415.0,415.0,415.0,0.0,2.1370571999577805,2.1370571999577805,2.0,652080.0,100.0,0.0,0.0
chao,p4.2.m.txt,100,2,1,415.0,415.0,415.0,0.0,2.1203336999751627,2.1203336999751627,2.0,652080.0,100.0,0.0,0.0
chao,p4.2.n.txt,100,2,1,415.0,415.0,415.0,0.0,2.2185309999622405,2.2185309999622405,2.0,652080.0,100.0,0.0,0.0
chao,p4.2.o.txt,100,2,1,415.0,415.0,415.0,0.0,2.053682000027038,2.053682000027038,2.0,652080.0,100.0,0.0,0.0
chao,p4.2.p.txt,100,2,1,415.0,415.0,415.0,0.0,2.2245958000421524,2.2245958000421524,2.0,652080.0,100.0,0.0,0.0
chao,p4.2.q.txt,100,2,1,415.0,415.0,415.0,0.0,2.0545326999854296,2.0545326999854296,2.0,652080.0,100.0,0.0,0.0
chao,p4.2.r.txt,100,2,1,415.0,415.0,415.0,0.0,2.030996200046502,2.030996200046502,2.0,652080.0,100.0,0.0,0.0
chao,p4.2.s.txt,100,2,1,415.0,415.0,415.0,0.0,2.288225399912335,2.288225399912335,2.0,652080.0,100.0,0.0,0.0
chao,p4.2.t.txt,100,2,1,415.0,415.0,415.0,0.0,2.0125108000356704,2.0125108000356704,2.0,652080.0,100.0,0.0,0.0
chao,p4.3.a.txt,100,3,1,0.0,0.0,0.0,0.0,0.06931569997686893,0.06931569997686893,1.0,2156.0,100.0,0.0,0.0
chao,p4.3.b.txt,100,3,1,38.0,38.0,38.0,0.0,0.0765374000184238,0.0765374000184238,1.0,6424.0,100.0,0.0,0.0
chao,p4.3.c.txt,100,3,1,150.0,150.0,150.0,0.0,0.1790872000856325,0.1790872000856325,2.0,115808.0,100.0,0.0,0.0
chao,p4.3.d.txt,100,3,1,280.0,280.0,280.0,0.0,1.1159990000305697,1.1159990000305697,12.0,835912.0,100.0,0.0,0.0
chao,p4.3.e.txt,100,3,1,261.0,261.0,261.0,0.0,0.467356999986805,0.467356999986805,2.0,265232.0,100.0,0.0,0.0
chao,p4.3.f.txt,100,3,1,304.0,304.0,304.0,0.0,0.7376429000869393,0.7376429000869393,2.0,360360.0,100.0,0.0,0.0
chao,p4.3.g.txt,100,3,1,342.0,342.0,342.0,0.0,5.192056200001389,5.192056200001389,12.0,2155142.0,100.0,0.0,0.0
chao,p4.3.h.txt,100,3,1,349.0,349.0,349.0,0.0,1.6633871999802068,1.6633871999802068,2.0,360360.0,100.0,0.0,0.0
chao,p4.3.i.txt,100,3,1,378.0,378.0,378.0,0.0,2.0223106000339612,2.0223106000339612,2.0,468160.0,100.0,0.0,0.0
chao,p4.3.j.txt,100,3,1,403.0,403.0,403.0,0.0,2.392439000075683,2.392439000075683,2.0,652080.0,100.0,0.0,0.0
chao,p4.3.k.txt,100,3,1,419.0,419.0,419.0,0.0,2.639983500004746,2.639983500004746,2.0,652080.0,100.0,0.0,0.0
chao,p4.3.l.txt,100,3,1,443.0,443.0,443.0,0.0,2.5136465000687167,2.5136465000687167,2.0,652080.0,100.0,0.0,0.0
chao,p4.3.m.txt,100,3,1,453.0,453.0,453.0,0.0,2.7717108000069857,2.7717108000069857,2.0,652080.0,100.0,0.0,0.0
chao,p4.3.n.txt,100,3,1,463.0,463.0,463.0,0.0,2.884726700023748,2.884726700023748,2.0,652080.0,100.0,0.0,0.0
chao,p4.3.o.txt,100,3,1,463.0,463.0,463.0,0.0,3.365507200011052,3.365507200011052,2.0,652080.0,100.0,0.0,0.0
chao,p4.3.p.txt,100,3,1,463.0,463.0,463.0,0.0,3.3762347999727353,3.3762347999727353,2.0,652080.0,100.0,0.0,0.0
chao,p4.3.q.txt,100,3,1,463.0,463.0,463.0,0.0,3.4239156999392435,3.4239156999392435,2.0,652080.0,100.0,0.0,0.0
chao,p4.3.r.txt,100,3,1,463.0,463.0,463.0,0.0,3.553894400014542,3.553894400014542,2.0,652080.0,100.0,0.0,0.0
chao,p4.3.s.txt,100,3,1,463.0,463.0,463.0,0.0,3.645152200013399,3.645152200013399,2.0,652080.0,100.0,0.0,0.0
chao,p4.3.t.txt,100,3,1,463.0,463.0,463.0,0.0,3.63153280003462,3.63153280003462,2.0,652080.0,100.0,0.0,0.0
chao,p4.4.a.txt,100,4,1,0.0,0.0,0.0,0.0,0.07392580003943294,0.07392580003943294,1.0,2156.0,100.0,0.0,0.0
chao,p4.4.b.txt,100,4,1,0.0,0.0,0.0,0.0,0.04768249997869134,0.04768249997869134,1.0,2156.0,100.0,0.0,0.0
chao,p4.4.c.txt,100,4,1,0.0,0.0,0.0,0.0,0.03887079993728548,0.03887079993728548,1.0,2156.0,100.0,0.0,0.0
chao,p4.4.d.txt,100,4,1,38.0,38.0,38.0,0.0,0.05895919993054122,0.05895919993054122,1.0,6424.0,100.0,0.0,0.0
chao,p4.4.e.txt,100,4,1,181.0,181.0,181.0,0.0,1.0820590000366792,1.0820590000366792,12.0,363550.0,100.0,0.0,0.0
chao,p4.4.f.txt,100,4,1,214.0,214.0,214.0,0.0,0.3996482000220567,0.3996482000220567,2.0,87472.0,100.0,0.0,0.0
chao,p4.4.g.txt,100,4,1,340.0,340.0,340.0,0.0,2.030070299981162,2.030070299981162,12.0,871750.0,100.0,0.0,0.0
chao,p4.4.h.txt,100,4,1,305.0,305.0,305.0,0.0,0.6748438000213355,0.6748438000213355,2.0,265232.0,100.0,0.0,0.0
chao,p4.4.i.txt,100,4,1,467.0,467.0,467.0,0.0,4.468217699904926,4.468217699904926,12.0,1497584.0,100.0,0.0,0.0
chao,p4.4.j.txt,100,4,1,361.0,361.0,361.0,0.0,1.1653653000248596,1.1653653000248596,2.0,360360.0,100.0,0.0,0.0
chao,p4.4.k.txt,100,4,1,386.0,386.0,386.0,0.0,6.251668200013228,6.251668200013228,12.0,2118116.0,100.0,0.0,0.0
chao,p4.4.l.txt,100,4,1,394.0,394.0,394.0,0.0,1.6327831000089645,1.6327831000089645,2.0,360360.0,100.0,0.0,0.0
chao,p4.4.m.txt,100,4,1,427.0,427.0,427.0,0.0,1.9828297999920323,1.9828297999920323,2.0,652080.0,100.0,0.0,0.0
chao,p4.4.n.txt,100,4,1,435.0,435.0,435.0,0.0,2.2422504000132903,2.2422504000132903,2.0,526592.0,100.0,0.0,0.0
chao,p4.4.o.txt,100,4,1,451.0,451.0,451.0,0.0,2.4201558000640944,2.4201558000640944,2.0,652080.0,100.0,0.0,0.0
chao,p4.4.p.txt,100,4,1,467.0,467.0,467.0,0.0,2.8031352000543848,2.8031352000543848,2.0,652080.0,100.0,0.0,0.0
chao,p4.4.q.txt,100,4,1,487.0,487.0,487.0,0.0,2.904704899992794,2.904704899992794,2.0,652080.0,100.0,0.0,0.0
chao,p4.4.r.txt,100,4,1,494.0,494.0,494.0,0.0,3.0238145999610424,3.0238145999610424,2.0,652080.0,100.0,0.0,0.0
chao,p4.4.s.txt,100,4,1,506.0,506.0,506.0,0.0,3.2035170999588445,3.2035170999588445,2.0,652080.0,100.0,0.0,0.0
chao,p4.4.t.txt,100,4,1,511.0,511.0,511.0,0.0,3.3081535999663174,3.3081535999663174,2.0,652080.0,100.0,0.0,0.0
chao,p5.2.a.txt,66,2,1,0.0,0.0,0.0,0.0,0.07578890002332628,0.07578890002332628,1.0,1408.0,100.0,0.0,0.0
chao,p5.2.b.txt,66,2,1,20.0,20.0,20.0,0.0,0.1265277999918908,0.1265277999918908,1.0,8272.0,100.0,0.0,0.0
chao,p5.2.c.txt,66,2,1,40.0,40.0,40.0,0.0,0.1464638999896124,0.1464638999896124,1.0,8272.0,100.0,0.0,0.0
chao,p5.2.d.txt,66,2,1,80.0,80.0,80.0,0.0,0.29634089989122003,0.29634089989122003,2.0,40480.0,100.0,0.0,0.0
chao,p5.2.e.txt,66,2,1,170.0,170.0,170.0,0.0,0.6089203000301495,0.6089203000301495,2.0,56056.0,100.0,0.0,0.0
chao,p5.2.f.txt,66,2,1,190.0,190.0,190.0,0.0,0.892984899925068,0.892984899925068,2.0,56056.0,100.0,0.0,0.0
chao,p5.2.g.txt,66,2,1,320.0,320.0,320.0,0.0,1.377479999908246,1.377479999908246,2.0,116160.0,100.0,0.0,0.0
chao,p5.2.h.txt,66,2,1,390.0,390.0,390.0,0.0,1.6171094999881461,1.6171094999881461,2.0,140360.0,100.0,0.0,0.0
chao,p5.2.i.txt,66,2,1,435.0,435.0,435.0,0.0,2.7338961999630556,2.7338961999630556,3.0,205480.0,100.0,0.0,0.0
chao,p5.2.j.txt,66,2,1,560.0,560.0,560.0,0.0,2.1780161999631673,2.1780161999631673,2.0,224224.0,100.0,0.0,0.0
chao,p5.2.k.txt,66,2,1,620.0,620.0,620.0,0.0,2.35669849999249,2.35669849999249,2.0,224224.0,100.0,0.0,0.0
chao,p5.2.l.txt,66,2,1,700.0,700.0,700.0,0.0,2.371125299949199,2.371125299949199,2.0,288640.0,100.0,0.0,0.0
chao,p5.2.m.txt,66,2,1,810.0,810.0,810.0,0.0,1.9466051999479532,1.9466051999479532,2.0,323136.0,100.0,0.0,0.0
chao,p5.2.n.txt,66,2,1,830.0,830.0,830.0,0.0,1.9221149999648333,1.9221149999648333,3.0,571793.0,100.0,0.0,0.0
chao,p5.2.o.txt,66,2,1,940.0,940.0,940.0,0.0,1.5233604999957606,1.5233604999957606,2.0,396264.0,100.0,0.0,0.0
chao,p5.2.p.txt,66,2,1,1000.0,1000.0,1000.0,0.0,1.549172000028193,1.549172000028193,2.0,396264.0,100.0,0.0,0.0
chao,p5.2.q.txt,66,2,1,1060.0,1060.0,1060.0,0.0,1.4321420999476686,1.4321420999476686,2.0,396264.0,100.0,0.0,0.0
chao,p5.2.r.txt,66,2,1,1050.0,1050.0,1050.0,0.0,1.45590409997385,1.45590409997385,2.0,396264.0,100.0,0.0,0.0
chao,p5.2.s.txt,66,2,1,1060.0,1060.0,1060.0,0.0,1.5989252000581473,1.5989252000581473,2.0,396264.0,100.0,0.0,0.0
chao,p5.2.t.txt,66,2,1,1060.0,1060.0,1060.0,0.0,1.416381400078535,1.416381400078535,2.0,396264.0,100.0,0.0,0.0
chao,p5.2.u.txt,66,2,1,1060.0,1060.0,1060.0,0.0,1.4478887000586838,1.4478887000586838,2.0,396264.0,100.0,0.0,0.0
chao,p5.2.v.txt,66,2,1,1060.0,1060.0,1060.0,0.0,1.5248496000422165,1.5248496000422165,2.0,396264.0,100.0,0.0,0.0
chao,p5.2.w.txt,66,2,1,1060.0,1060.0,1060.0,0.0,1.485205400036648,1.485205400036648,2.0,396264.0,100.0,0.0,0.0
chao,p5.2.x.txt,66,2,1,1060.0,1060.0,1060.0,0.0,1.501312099979259,1.501312099979259,2.0,396264.0,100.0,0.0,0.0
chao,p5.2.y.txt,66,2,1,1060.0,1060.0,1060.0,0.0,1.4242568999761716,1.4242568999761716,2.0,396264.0,100.0,0.0,0.0
chao,p5.2.z.txt,66,2,1,1060.0,1060.0,1060.0,0.0,1.5493703000247478,1.5493703000247478,2.0,396264.0,100.0,0.0,0.0
chao,p5.3.a.txt,66,3,1,0.0,0.0,0.0,0.0,0.05174939997959882,0.05174939997959882,1.0,1408.0,100.0,0.0,0.0
chao,p5.3.b.txt,66,3,1,15.0,15.0,15.0,0.0,0.07820400001946837,0.07820400001946837,1.0,4180.0,100.0,0.0,0.0
chao,p5.3.c.txt,66,3,1,20.0,20.0,20.0,0.0,0.17970440001226962,0.17970440001226962,1.0,1320.0,100.0,0.0,0.0
chao,p5.3.d.txt,66,3,1,60.0,60.0,60.0,0.0,0.10052560002077371,0.10052560002077371,1.0,8272.0,100.0,0.0,0.0
chao,p5.3.e.txt,66,3,1,85.0,85.0,85.0,0.0,0.1837249998934567,0.1837249998934567,2.0,27280.0,100.0,0.0,0.0
chao,p5.3.f.txt,66,3,1,110.0,110.0,110.0,0.0,0.32387339998967946,0.32387339998967946,4.0,55308.0,100.0,0.0,0.0
chao,p5.3.g.txt,66,3,1,160.0,160.0,160.0,0.0,0.3508596000028774,0.3508596000028774,3.0,58030.0,100.0,0.0,0.0
chao,p5.3.h.txt,66,3,1,260.0,260.0,260.0,0.0,1.5258327999617904,1.5258327999617904,12.0,268256.0,100.0,0.0,0.0
chao,p5.3.i.txt,66,3,1,255.0,255.0,255.0,0.0,0.7550817000446841,0.7550817000446841,4.0,73128.0,100.0,0.0,0.0
chao,p5.3.j.txt,66,3,1,380.0,380.0,380.0,0.0,1.832836200017482,1.832836200017482,7.0,209592.0,100.0,0.0,0.0
chao,p5.3.k.txt,66,3,1,465.0,465.0,465.0,0.0,2.885246800025925,2.885246800025925,10.0,394996.0,100.0,0.0,0.0
chao,p5.3.l.txt,66,3,1,575.0,575.0,575.0,0.0,3.852614799980074,3.852614799980074,11.0,511807.0,100.0,0.0,0.0
chao,p5.3.m.txt,66,3,1,650.0,650.0,650.0,0.0,4.240620099939406,4.240620099939406,11.0,648328.0,100.0,0.0,0.0
chao,p5.3.n.txt,66,3,1,755.0,755.0,755.0,0.0,3.828462800011039,3.828462800011039,9.0,626798.0,100.0,0.0,0.0
chao,p5.3.o.txt,66,3,1,830.0,830.0,830.0,0.0,5.167384000029415,5.167384000029415,10.0,853780.0,100.0,0.0,0.0
chao,p5.3.p.txt,66,3,1,845.0,845.0,845.0,0.0,4.7320537000196055,4.7320537000196055,10.0,958115.0,100.0,0.0,0.0
chao,p5.3.q.txt,66,3,1,1025.0,1025.0,1025.0,0.0,5.60484600008931,5.60484600008931,11.0,1244458.0,100.0,0.0,0.0
chao,p5.3.r.txt,66,3,1,1050.0,1050.0,1050.0,0.0,4.692708700080402,4.692708700080402,9.0,1084113.0,100.0,0.0,0.0
chao,p5.3.s.txt,66,3,1,1145.0,1145.0,1145.0,0.0,5.420111900079064,5.420111900079064,11.0,1434444.0,100.0,0.0,0.0
chao,p5.3.t.txt,66,3,1,1220.0,1220.0,1220.0,0.0,5.876586599973962,5.876586599973962,12.0,1709896.0,100.0,0.0,0.0
chao,p5.3.u.txt,66,3,1,1300.0,1300.0,1300.0,0.0,5.212468600017019,5.212468600017019,10.0,1733118.0,100.0,0.0,0.0
chao,p5.3.v.txt,66,3,1,1400.0,1400.0,1400.0,0.0,5.89843539998401,5.89843539998401,11.0,1973584.0,100.0,0.0,0.0
chao,p5.3.w.txt,66,3,1,1020.0,1020.0,1020.0,0.0,6.389227100065909,6.389227100065909,12.0,2238169.0,100.0,0.0,0.0
chao,p5.3.x.txt,66,3,1,1500.0,1500.0,1500.0,0.0,5.561584800016135,5.561584800016135,11.0,2111736.0,100.0,0.0,0.0
chao,p5.3.y.txt,66,3,1,1570.0,1570.0,1570.0,0.0,5.738698499975726,5.738698499975726,11.0,2100450.0,100.0,0.0,0.0
chao,p5.3.z.txt,66,3,1,1550.0,1550.0,1550.0,0.0,6.154295099899173,6.154295099899173,12.0,2268486.0,100.0,0.0,0.0
chao,p5.4.a.txt,66,4,1,0.0,0.0,0.0,0.0,0.05006909999065101,0.05006909999065101,1.0,1408.0,100.0,0.0,0.0
chao,p5.4.b.txt,66,4,1,0.0,0.0,0.0,0.0,0.03502609999850392,0.03502609999850392,1.0,1408.0,100.0,0.0,0.0
chao,p5.4.c.txt,66,4,1,20.0,20.0,20.0,0.0,0.07055100006982684,0.07055100006982684,1.0,4180.0,100.0,0.0,0.0
chao,p5.4.d.txt,66,4,1,20.0,20.0,20.0,0.0,0.05324889998883009,0.05324889998883009,1.0,1320.0,100.0,0.0,0.0
chao,p5.4.e.txt,66,4,1,20.0,20.0,20.0,0.0,0.07987769995816052,0.07987769995816052,1.0,1320.0,100.0,0.0,0.0
chao,p5.4.f.txt,66,4,1,80.0,80.0,80.0,0.0,0.09825209993869066,0.09825209993869066,1.0,8272.0,100.0,0.0,0.0
chao,p5.4.g.txt,66,4,1,130.0,130.0,130.0,0.0,0.23876470001414418,0.23876470001414418,3.0,40920.0,100.0,0.0,0.0
chao,p5.4.h.txt,66,4,1,140.0,140.0,140.0,0.0,0.31681689992547035,0.31681689992547035,4.0,57963.0,100.0,0.0,0.0
chao,p5.4.i.txt,66,4,1,190.0,190.0,190.0,0.0,0.3512749000219628,0.3512749000219628,3.0,37648.0,100.0,0.0,0.0
chao,p5.4.j.txt,66,4,1,270.0,270.0,270.0,0.0,0.6212973999790847,0.6212973999790847,5.0,103291.0,100.0,0.0,0.0
chao,p5.4.k.txt,66,4,1,340.0,340.0,340.0,0.0,1.5249350999947637,1.5249350999947637,11.0,257884.0,100.0,0.0,0.0
chao,p5.4.l.txt,66,4,1,320.0,320.0,320.0,0.0,0.873752599931322,0.873752599931322,4.0,73128.0,100.0,0.0,0.0
chao,p5.4.m.txt,66,4,1,390.0,390.0,390.0,0.0,1.717668000026606,1.717668000026606,8.0,212459.0,100.0,0.0,0.0
chao,p5.4.n.txt,66,4,1,500.0,500.0,500.0,0.0,3.1580368999857455,3.1580368999857455,12.0,332016.0,100.0,0.0,0.0
chao,p5.4.o.txt,66,4,1,615.0,615.0,615.0,0.0,3.681272399961017,3.681272399961017,11.0,436128.0,100.0,0.0,0.0
chao,p5.4.p.txt,66,4,1,760.0,760.0,760.0,0.0,4.222340799984522,4.222340799984522,12.0,575718.0,100.0,0.0,0.0
chao,p5.4.q.txt,66,4,1,860.0,860.0,860.0,0.0,4.360776599962264,4.360776599962264,11.0,632314.0,100.0,0.0,0.0
chao,p5.4.r.txt,66,4,1,880.0,880.0,880.0,0.0,4.395684199989773,4.395684199989773,11.0,707346.0,100.0,0.0,0.0
chao,p5.4.s.txt,66,4,1,1000.0,1000.0,1000.0,0.0,5.032256399979815,5.032256399979815,12.0,906275.0,100.0,0.0,0.0
chao,p5.4.t.txt,66,4,1,1100.0,1100.0,1100.0,0.0,5.61948910006322,5.61948910006322,12.0,969674.0,100.0,0.0,0.0
chao,p5.4.u.txt,66,4,1,1110.0,1110.0,1110.0,0.0,5.10866570007056,5.10866570007056,11.0,1023340.0,100.0,0.0,0.0
chao,p5.4.v.txt,66,4,1,1260.0,1260.0,1260.0,0.0,5.037360099959187,5.037360099959187,11.0,1106781.0,100.0,0.0,0.0
chao,p5.4.w.txt,66,4,1,1380.0,1380.0,1380.0,0.0,4.644575299927965,4.644575299927965,9.0,1025246.0,100.0,0.0,0.0
chao,p5.4.x.txt,66,4,1,1380.0,1380.0,1380.0,0.0,5.313870400073938,5.313870400073938,11.0,1249674.0,100.0,0.0,0.0
chao,p5.4.y.txt,66,4,1,1510.0,1510.0,1510.0,0.0,6.60894589999225,6.60894589999225,10.0,1179050.0,100.0,0.0,0.0
chao,p5.4.z.txt,66,4,1,1620.0,1620.0,1620.0,0.0,5.323927199933678,5.323927199933678,10.0,1430378.0,100.0,0.0,0.0
chao,p6.2.a.txt,64,2,1,0.0,0.0,0.0,0.0,0.06177410006057471,0.06177410006057471,1.0,1364.0,100.0,0.0,0.0
chao,p6.2.b.txt,64,2,1,0.0,0.0,0.0,0.0,0.0343481000745669,0.0343481000745669,1.0,1364.0,100.0,0.0,0.0
chao,p6.2.c.txt,64,2,1,0.0,0.0,0.0,0.0,0.03325930004939437,0.03325930004939437,1.0,1364.0,100.0,0.0,0.0
chao,p6.2.d.txt,64,2,1,192.0,192.0,192.0,0.0,0.2427717000246048,0.2427717000246048,2.0,90816.0,100.0,0.0,0.0
chao,p6.2.e.txt,64,2,1,324.0,324.0,324.0,0.0,0.4923616999294609,0.4923616999294609,2.0,160688.0,100.0,0.0,0.0
chao,p6.2.f.txt,64,2,1,384.0,384.0,384.0,0.0,0.7444638999877498,0.7444638999877498,2.0,135520.0,100.0,0.0,0.0
chao,p6.2.g.txt,64,2,1,504.0,504.0,504.0,0.0,0.9218925000168383,0.9218925000168383,2.0,216216.0,100.0,0.0,0.0
chao,p6.2.h.txt,64,2,1,624.0,624.0,624.0,0.0,1.1369136000284925,1.1369136000284925,2.0,311168.0,100.0,0.0,0.0
chao,p6.2.i.txt,64,2,1,732.0,732.0,732.0,0.0,1.415667999885045,1.415667999885045,2.0,311168.0,100.0,0.0,0.0
chao,p6.2.j.txt,64,2,1,876.0,876.0,876.0,0.0,1.4896355998935178,1.4896355998935178,2.0,381216.0,100.0,0.0,0.0
chao,p6.2.k.txt,64,2,1,960.0,960.0,960.0,0.0,1.3272113999119028,1.3272113999119028,2.0,381216.0,100.0,0.0,0.0
chao,p6.2.l.txt,64,2,1,960.0,960.0,960.0,0.0,1.3141163000836968,1.3141163000836968,2.0,381216.0,100.0,0.0,0.0
chao,p6.2.m.txt,64,2,1,960.0,960.0,960.0,0.0,1.3905524000292644,1.3905524000292644,2.0,381216.0,100.0,0.0,0.0
chao,p6.2.n.txt,64,2,1,960.0,960.0,960.0,0.0,1.3025596999796107,1.3025596999796107,2.0,381216.0,100.0,0.0,0.0
chao,p6.3.a.txt,64,3,1,0.0,0.0,0.0,0.0,0.051012399955652654,0.051012399955652654,1.0,1364.0,100.0,0.0,0.0
chao,p6.3.b.txt,64,3,1,0.0,0.0,0.0,0.0,0.033018199959769845,0.033018199959769845,1.0,1364.0,100.0,0.0,0.0
chao,p6.3.c.txt,64,3,1,0.0,0.0,0.0,0.0,0.03420969995204359,0.03420969995204359,1.0,1364.0,100.0,0.0,0.0
chao,p6.3.d.txt,64,3,1,0.0,0.0,0.0,0.0,0.03497390006668866,0.03497390006668866,1.0,1364.0,100.0,0.0,0.0
chao,p6.3.e.txt,64,3,1,0.0,0.0,0.0,0.0,0.033828499959781766,0.033828499959781766,1.0,1364.0,100.0,0.0,0.0
chao,p6.3.f.txt,64,3,1,0.0,0.0,0.0,0.0,0.03764699993189424,0.03764699993189424,1.0,1364.0,100.0,0.0,0.0
chao,p6.3.g.txt,64,3,1,270.0,270.0,270.0,0.0,0.3626213000388816,0.3626213000388816,4.0,126148.0,100.0,0.0,0.0
chao,p6.3.h.txt,64,3,1,396.0,396.0,396.0,0.0,1.809193400084041,1.809193400084041,12.0,740426.0,100.0,0.0,0.0
chao,p6.3.i.txt,64,3,1,426.0,426.0,426.0,0.0,2.6195267000002787,2.6195267000002787,12.0,842474.0,100.0,0.0,0.0
chao,p6.3.j.txt,64,3,1,462.0,462.0,462.0,0.0,0.7312795000616461,0.7312795000616461,2.0,135520.0,100.0,0.0,0.0
chao,p6.3.k.txt,64,3,1,582.0,582.0,582.0,0.0,4.0078237999696285,4.0078237999696285,12.0,1063920.0,100.0,0.0,0.0
chao,p6.3.l.txt,64,3,1,678.0,678.0,678.0,0.0,5.099663899978623,5.099663899978623,12.0,1308638.0,100.0,0.0,0.0
chao,p6.3.m.txt,64,3,1,738.0,738.0,738.0,0.0,5.161465200013481,5.161465200013481,12.0,1577264.0,100.0,0.0,0.0
chao,p6.3.n.txt,64,3,1,834.0,834.0,834.0,0.0,5.284297800040804,5.284297800040804,12.0,1598130.0,100.0,0.0,0.0
chao,p6.4.a.txt,64,4,1,0.0,0.0,0.0,0.0,0.0536516000283882,0.0536516000283882,1.0,1364.0,100.0,0.0,0.0
chao,p6.4.b.txt,64,4,1,0.0,0.0,0.0,0.0,0.03450539999175817,0.03450539999175817,1.0,1364.0,100.0,0.0,0.0
chao,p6.4.c.txt,64,4,1,0.0,0.0,0.0,0.0,0.0359172000316903,0.0359172000316903,1.0,1364.0,100.0,0.0,0.0
chao,p6.4.d.txt,64,4,1,0.0,0.0,0.0,0.0,0.03832419996615499,0.03832419996615499,1.0,1364.0,100.0,0.0,0.0
chao,p6.4.e.txt,64,4,1,0.0,0.0,0.0,0.0,0.03399240004364401,0.03399240004364401,1.0,1364.0,100.0,0.0,0.0
chao,p6.4.f.txt,64,4,1,0.0,0.0,0.0,0.0,0.03680330002680421,0.03680330002680421,1.0,1364.0,100.0,0.0,0.0
chao,p6.4.g.txt,64,4,1,0.0,0.0,0.0,0.0,0.03642989997752011,0.03642989997752011,1.0,1364.0,100.0,0.0,0.0
chao,p6.4.h.txt,64,4,1,0.0,0.0,0.0,0.0,0.03465759998653084,0.03465759998653084,1.0,1364.0,100.0,0.0,0.0
chao,p6.4.i.txt,64,4,1,0.0,0.0,0.0,0.0,0.03433649998623878,0.03433649998623878,1.0,1364.0,100.0,0.0,0.0
chao,p6.4.j.txt,64,4,1,360.0,360.0,360.0,0.0,0.8438283000141382,0.8438283000141382,10.0,391820.0,100.0,0.0,0.0
chao,p6.4.k.txt,64,4,1,372.0,372.0,372.0,0.0,0.30832409998402,0.30832409998402,2.0,90816.0,100.0,0.0,0.0
chao,p6.4.l.txt,64,4,1,552.0,552.0,552.0,0.0,2.265859300037846,2.265859300037846,12.0,733281.0,100.0,0.0,0.0
chao,p6.4.m.txt,64,4,1,648.0,648.0,648.0,0.0,2.802350000012666,2.802350000012666,12.0,847224.0,100.0,0.0,0.0
chao,p6.4.n.txt,64,4,1,540.0,540.0,540.0,0.0,0.7349584000185132,0.7349584000185132,2.0,135520.0,100.0,0.0,0.0
chao,p7.2.a.txt,102,2,1,30.0,30.0,30.0,0.0,0.06811160000506788,0.06811160000506788,1.0,6556.0,100.0,0.0,0.0
chao,p7.2.b.txt,102,2,1,64.0,64.0,64.0,0.0,0.13429239997640252,0.13429239997640252,2.0,26048.0,100.0,0.0,0.0
chao,p7.2.c.txt,102,2,1,96.0,96.0,96.0,0.0,0.1466448000865057,0.1466448000865057,2.0,43120.0,100.0,0.0,0.0
chao,p7.2.d.txt,102,2,1,136.0,136.0,136.0,0.0,0.23679270001593977,0.23679270001593977,2.0,89320.0,100.0,0.0,0.0
chao,p7.2.e.txt,102,2,1,178.0,178.0,178.0,0.0,0.36208909994456917,0.36208909994456917,2.0,151008.0,100.0,0.0,0.0
chao,p7.2.f.txt,102,2,1,201.0,201.0,201.0,0.0,0.5296853999607265,0.5296853999607265,2.0,187440.0,100.0,0.0,0.0
chao,p7.2.g.txt,102,2,1,247.0,247.0,247.0,0.0,0.7770399999571964,0.7770399999571964,2.0,318032.0,100.0,0.0,0.0
chao,p7.2.h.txt,102,2,1,290.0,290.0,290.0,0.0,1.0846652000909671,1.0846652000909671,2.0,421960.0,100.0,0.0,0.0
chao,p7.2.i.txt,102,2,1,314.0,314.0,314.0,0.0,1.6349624999566004,1.6349624999566004,2.0,478720.0,100.0,0.0,0.0
chao,p7.2.j.txt,102,2,1,361.0,361.0,361.0,0.0,1.618766100029461,1.618766100029461,2.0,601392.0,100.0,0.0,0.0
chao,p7.2.k.txt,102,2,1,400.0,400.0,400.0,0.0,1.7741801000665873,1.7741801000665873,2.0,667128.0,100.0,0.0,0.0
chao,p7.2.l.txt,102,2,1,400.0,400.0,400.0,0.0,2.128482099971734,2.128482099971734,2.0,667128.0,100.0,0.0,0.0
chao,p7.2.m.txt,102,2,1,400.0,400.0,400.0,0.0,1.963706300011836,1.963706300011836,2.0,667128.0,100.0,0.0,0.0
chao,p7.2.n.txt,102,2,1,400.0,400.0,400.0,0.0,2.139497800031677,2.139497800031677,2.0,667128.0,100.0,0.0,0.0
chao,p7.2.o.txt,102,2,1,400.0,400.0,400.0,0.0,2.1494673000415787,2.1494673000415787,2.0,667128.0,100.0,0.0,0.0
chao,p7.2.p.txt,102,2,1,400.0,400.0,400.0,0.0,1.9944776999764144,1.9944776999764144,2.0,667128.0,100.0,0.0,0.0
chao,p7.2.q.txt,102,2,1,400.0,400.0,400.0,0.0,2.243610500008799,2.243610500008799,2.0,667128.0,100.0,0.0,0.0
chao,p7.2.r.txt,102,2,1,400.0,400.0,400.0,0.0,2.0437604000326246,2.0437604000326246,2.0,667128.0,100.0,0.0,0.0
chao,p7.2.s.txt,102,2,1,400.0,400.0,400.0,0.0,2.174525500042364,2.174525500042364,2.0,667128.0,100.0,0.0,0.0
chao,p7.2.t.txt,102,2,1,400.0,400.0,400.0,0.0,2.0579114999854937,2.0579114999854937,2.0,667128.0,100.0,0.0,0.0
chao,p7.3.a.txt,102,3,1,0.0,0.0,0.0,0.0,0.05707940005231649,0.05707940005231649,1.0,2200.0,100.0,0.0,0.0
chao,p7.3.b.txt,102,3,1,46.0,46.0,46.0,0.0,0.06390750000718981,0.06390750000718981,1.0,6556.0,100.0,0.0,0.0
chao,p7.3.c.txt,102,3,1,79.0,79.0,79.0,0.0,0.1332344999536872,0.1332344999536872,2.0,19316.0,100.0,0.0,0.0
chao,p7.3.d.txt,102,3,1,101.0,101.0,101.0,0.0,0.19017810001969337,0.19017810001969337,3.0,56012.0,100.0,0.0,0.0
chao,p7.3.e.txt,102,3,1,170.0,170.0,170.0,0.0,0.7770113000879064,0.7770113000879064,12.0,297880.0,100.0,0.0,0.0
chao,p7.3.f.txt,102,3,1,185.0,185.0,185.0,0.0,0.22888979990966618,0.22888979990966618,2.0,89320.0,100.0,0.0,0.0
chao,p7.3.g.txt,102,3,1,214.0,214.0,214.0,0.0,0.31753709993790835,0.31753709993790835,2.0,118272.0,100.0,0.0,0.0
chao,p7.3.h.txt,102,3,1,357.0,357.0,357.0,0.0,1.3141175999771804,1.3141175999771804,8.0,604340.0,100.0,0.0,0.0
chao,p7.3.i.txt,102,3,1,429.0,429.0,429.0,0.0,1.9335892000235617,1.9335892000235617,9.0,1058200.0,100.0,0.0,0.0
chao,p7.3.j.txt,102,3,1,310.0,310.0,310.0,0.0,0.6926901999395341,0.6926901999395341,2.0,318032.0,100.0,0.0,0.0
chao,p7.3.k.txt,102,3,1,330.0,330.0,330.0,0.0,0.9149561999365687,0.9149561999365687,2.0,368368.0,100.0,0.0,0.0
chao,p7.3.l.txt,102,3,1,354.0,354.0,354.0,0.0,1.0871624000137672,1.0871624000137672,2.0,421960.0,100.0,0.0,0.0
chao,p7.3.m.txt,102,3,1,367.0,367.0,367.0,0.0,1.4107240999583155,1.4107240999583155,2.0,478720.0,100.0,0.0,0.0
chao,p7.3.n.txt,102,3,1,379.0,379.0,379.0,0.0,1.4945103999925777,1.4945103999925777,2.0,478720.0,100.0,0.0,0.0
chao,p7.3.o.txt,102,3,1,426.0,426.0,426.0,0.0,1.6143349000485614,1.6143349000485614,2.0,601392.0,100.0,0.0,0.0
chao,p7.3.p.txt,102,3,1,466.0,466.0,466.0,0.0,1.8406081000575796,1.8406081000575796,2.0,667128.0,100.0,0.0,0.0
chao,p7.3.q.txt,102,3,1,466.0,466.0,466.0,0.0,1.8161987999919802,1.8161987999919802,2.0,667128.0,100.0,0.0,0.0
chao,p7.3.r.txt,102,3,1,466.0,466.0,466.0,0.0,1.8306309999898076,1.8306309999898076,2.0,667128.0,100.0,0.0,0.0
chao,p7.3.s.txt,102,3,1,466.0,466.0,466.0,0.0,2.1778908000560477,2.1778908000560477,2.0,667128.0,100.0,0.0,0.0
chao,p7.3.t.txt,102,3,1,466.0,466.0,466.0,0.0,1.9644627999514341,1.9644627999514341,2.0,667128.0,100.0,0.0,0.0
chao,p7.4.a.txt,102,4,1,0.0,0.0,0.0,0.0,0.05274209997151047,0.05274209997151047,1.0,2200.0,100.0,0.0,0.0
chao,p7.4.b.txt,102,4,1,30.0,30.0,30.0,0.0,0.06272669997997582,0.06272669997997582,1.0,6556.0,100.0,0.0,0.0
chao,p7.4.c.txt,102,4,1,46.0,46.0,46.0,0.0,0.06610049994196743,0.06610049994196743,1.0,6556.0,100.0,0.0,0.0
chao,p7.4.d.txt,102,4,1,79.0,79.0,79.0,0.0,0.08675840008072555,0.08675840008072555,1.0,6358.0,100.0,0.0,0.0
chao,p7.4.e.txt,102,4,1,114.0,114.0,114.0,0.0,0.10159330000169575,0.10159330000169575,1.0,12892.0,100.0,0.0,0.0
chao,p7.4.f.txt,102,4,1,155.0,155.0,155.0,0.0,0.22440619999542832,0.22440619999542832,3.0,47344.0,100.0,0.0,0.0
chao,p7.4.g.txt,102,4,1,180.0,180.0,180.0,0.0,0.17330270004458725,0.17330270004458725,2.0,89320.0,100.0,0.0,0.0
chao,p7.4.h.txt,102,4,1,245.0,245.0,245.0,0.0,0.9015309000387788,0.9015309000387788,11.0,376596.0,100.0,0.0,0.0
chao,p7.4.i.txt,102,4,1,249.0,249.0,249.0,0.0,0.26890110003296286,0.26890110003296286,2.0,118272.0,100.0,0.0,0.0
chao,p7.4.j.txt,102,4,1,393.0,393.0,393.0,0.0,1.2814936999930069,1.2814936999930069,8.0,502788.0,100.0,0.0,0.0
chao,p7.4.k.txt,102,4,1,411.0,411.0,411.0,0.0,2.105893599917181,2.105893599917181,12.0,903562.0,100.0,0.0,0.0
chao,p7.4.l.txt,102,4,1,316.0,316.0,316.0,0.0,0.5481607000110671,0.5481607000110671,2.0,187440.0,100.0,0.0,0.0
chao,p7.4.m.txt,102,4,1,465.0,465.0,465.0,0.0,3.0641679000109434,3.0641679000109434,12.0,1647184.0,100.0,0.0,0.0
chao,p7.4.n.txt,102,4,1,560.0,560.0,560.0,0.0,3.4863304999889806,3.4863304999889806,12.0,2140490.0,100.0,0.0,0.0
chao,p7.4.o.txt,102,4,1,601.0,601.0,601.0,0.0,4.467204699991271,4.467204699991271,12.0,2444376.0,100.0,0.0,0.0
chao,p7.4.p.txt,102,4,1,414.0,414.0,414.0,0.0,1.0983897999394685,1.0983897999394685,2.0,421960.0,100.0,0.0,0.0
chao,p7.4.q.txt,102,4,1,427.0,427.0,427.0,0.0,1.5287919000256807,1.5287919000256807,2.0,478720.0,100.0,0.0,0.0
chao,p7.4.r.txt,102,4,1,760.0,760.0,760.0,0.0,7.906189600005746,7.906189600005746,12.0,3430966.0,100.0,0.0,0.0
chao,p7.4.s.txt,102,4,1,671.0,671.0,671.0,0.0,7.001045499928296,7.001045499928296,12.0,3561426.0,100.0,0.0,0.0
chao,p7.4.t.txt,102,4,1,520.0,520.0,520.0,0.0,1.683275300078094,1.683275300078094,2.0,667128.0,100.0,0.0,0.0
dang,bier127_gen1_m2.txt,128,2,1,36.0,36.0,36.0,0.0,8.883158699958585,8.883158699958585,9.0,3856050.0,100.0,0.0,0.0
dang,bier127_gen1_m3.txt,128,3,1,38.0,38.0,38.0,0.0,11.753874300047755,11.753874300047755,12.0,5116320.0,100.0,0.0,0.0
dang,bier127_gen2_m2.txt,128,2,1,1313.0,1313.0,1313.0,0.0,2.877119499957189,2.877119499957189,2.0,862752.0,100.0,0.0,0.0
dang,bier127_gen2_m3.txt,128,3,1,1485.0,1485.0,1485.0,0.0,11.885213600005955,11.885213600005955,12.0,5078700.0,100.0,0.0,0.0
dang,bier127_gen2_m4.txt,128,4,1,1561.0,1561.0,1561.0,0.0,2.7432058000704274,2.7432058000704274,2.0,862752.0,100.0,0.0,0.0
dang,bier127_gen3_m2.txt,128,2,1,425.0,425.0,425.0,0.0,2.646786700002849,2.646786700002849,2.0,862752.0,100.0,0.0,0.0
dang,bier127_gen3_m3.txt,128,3,1,524.0,524.0,524.0,0.0,2.836890200036578,2.836890200036578,2.0,862752.0,100.0,0.0,0.0
dang,bier127_gen3_m4.txt,128,4,1,555.0,555.0,555.0,0.0,2.6117047000443563,2.6117047000443563,2.0,862752.0,100.0,0.0,0.0
dang,cmt101c_m3.txt,102,3,1,810.0,810.0,810.0,0.0,9.16230219998397,9.16230219998397,12.0,3886146.0,100.0,0.0,0.0
dang,cmt151b_m3.txt,152,3,1,732.0,732.0,732.0,0.0,12.7554704999784,12.7554704999784,12.0,6177204.0,100.0,0.0,0.0
dang,cmt151c_m2.txt,152,2,1,663.0,663.0,663.0,0.0,13.805357899982482,13.805357899982482,12.0,6211062.0,100.0,0.0,0.0
dang,cmt151c_m3.txt,152,3,1,732.0,732.0,732.0,0.0,14.071414100006223,14.071414100006223,12.0,6184728.0,100.0,0.0,0.0
dang,cmt151c_m4.txt,152,4,1,810.0,810.0,810.0,0.0,13.880289900000207,13.880289900000207,12.0,6162156.0,100.0,0.0,0.0
dang,cmt200b_m2.txt,201,2,1,698.0,698.0,698.0,0.0,18.691154000000097,18.691154000000097,12.0,8396784.0,100.0,0.0,0.0
dang,cmt200b_m3.txt,201,3,1,1010.0,1010.0,1010.0,0.0,17.661756200017408,17.661756200017408,12.0,8408070.0,100.0,0.0,0.0
dang,cmt200b_m4.txt,201,4,1,1070.0,1070.0,1070.0,0.0,13.508402699953876,13.508402699953876,12.0,8374212.0,100.0,0.0,0.0
dang,cmt200c_m2.txt,201,2,1,698.0,698.0,698.0,0.0,18.094503100030124,18.094503100030124,12.0,8396784.0,100.0,0.0,0.0
dang,cmt200c_m3.txt,201,3,1,766.0,766.0,766.0,0.0,18.49571869999636,18.49571869999636,12.0,8329068.0,100.0,0.0,0.0
dang,cmt200c_m4.txt,201,4,1,859.0,859.0,859.0,0.0,18.512963499990292,18.512963499990292,12.0,8370450.0,100.0,0.0,0.0
dang,eil101b_m3.txt,102,3,1,425.0,425.0,425.0,0.0,1.7501124000409618,1.7501124000409618,2.0,667128.0,100.0,0.0,0.0
dang,eil101c_m2.txt,102,2,1,383.0,383.0,383.0,0.0,2.143399100052193,2.143399100052193,2.0,667128.0,100.0,0.0,0.0
dang,eil101c_m3.txt,102,3,1,436.0,436.0,436.0,0.0,2.066000199993141,2.066000199993141,2.0,667128.0,100.0,0.0,0.0
dang,gil262_gen1_m3.txt,263,3,1,22.0,22.0,22.0,0.0,3.1787061999784783,3.1787061999784783,2.0,1878492.0,100.0,0.0,0.0
dang,gil262_gen1_m4.txt,263,4,1,24.0,24.0,24.0,0.0,1.340954199898988,1.340954199898988,2.0,1878492.0,100.0,0.0,0.0
dang,gil262_gen2_m2.txt,263,2,1,1403.0,1403.0,1403.0,0.0,5.564477700041607,5.564477700041607,2.0,1878492.0,100.0,0.0,0.0
dang,gil262_gen2_m3.txt,263,3,1,1583.0,1583.0,1583.0,0.0,3.1388968999963254,3.1388968999963254,2.0,1878492.0,100.0,0.0,0.0
dang,gil262_gen3_m2.txt,263,2,1,532.0,532.0,532.0,0.0,5.779154900112189,5.779154900112189,2.0,1878492.0,100.0,0.0,0.0
dang,gil262_gen3_m4.txt,263,4,1,632.0,632.0,632.0,0.0,1.2280043999198824,1.2280043999198824,2.0,1878492.0,100.0,0.0,0.0
dang,gil262a_m2.txt,251,2,1,1352.0,1352.0,1352.0,0.0,17.8733082000399,17.8733082000399,12.0,10669032.0,100.0,0.0,0.0
dang,gil262a_m4.txt,251,4,1,1474.0,1474.0,1474.0,0.0,1.112805899931118,1.112805899931118,2.0,1788204.0,100.0,0.0,0.0
dang,gil262b_m2.txt,251,2,1,1352.0,1352.0,1352.0,0.0,22.587655099923722,22.587655099923722,12.0,10642698.0,100.0,0.0,0.0
dang,gil262b_m3.txt,251,3,1,1402.0,1402.0,1402.0,0.0,5.201890500029549,5.201890500029549,2.0,1788204.0,100.0,0.0,0.0
dang,gil262b_m4.txt,251,4,1,1565.0,1565.0,1565.0,0.0,4.203795099980198,4.203795099980198,2.0,1788204.0,100.0,0.0,0.0
dang,gil262c_m2.txt,251,2,1,1352.0,1352.0,1352.0,0.0,23.192859000060707,23.192859000060707,12.0,10642698.0,100.0,0.0,0.0
dang,gil262c_m3.txt,251,3,1,1402.0,1402.0,1402.0,0.0,5.289655000087805,5.289655000087805,2.0,1788204.0,100.0,0.0,0.0
dang,gil262c_m4.txt,251,4,1,1565.0,1565.0,1565.0,0.0,5.384156399988569,5.384156399988569,2.0,1788204.0,100.0,0.0,0.0
dang,gr229_gen1_m4.txt,230,4,1,24.0,24.0,24.0,0.0,4.9272995999781415,4.9272995999781415,2.0,1630200.0,100.0,0.0,0.0
dang,gr229_gen2_m3.txt,230,3,1,1463.0,1463.0,1463.0,0.0,4.634185400092974,4.634185400092974,2.0,1630200.0,100.0,0.0,0.0
dang,gr229_gen2_m4.txt,230,4,1,1620.0,1620.0,1620.0,0.0,4.811304499977268,4.811304499977268,2.0,1630200.0,100.0,0.0,0.0
dang,gr229_gen3_m3.txt,230,3,1,379.0,379.0,379.0,0.0,4.935562900034711,4.935562900034711,2.0,1630200.0,100.0,0.0,0.0
dang,gr229_gen3_m4.txt,230,4,1,457.0,457.0,457.0,0.0,4.893130499986,4.893130499986,2.0,1630200.0,100.0,0.0,0.0
dang,kroA150_gen2_m2.txt,151,2,1,1171.0,1171.0,1171.0,0.0,2.8652257000794634,2.8652257000794634,2.0,1035804.0,100.0,0.0,0.0
dang,kroA150_gen3_m3.txt,151,3,1,810.0,810.0,810.0,0.0,1.6326683999504894,1.6326683999504894,2.0,1035804.0,100.0,0.0,0.0
dang,kroA200_gen1_m4.txt,201,4,1,24.0,24.0,24.0,0.0,1.757420999929309,1.757420999929309,2.0,1412004.0,100.0,0.0,0.0
dang,kroB200_gen1_m2.txt,201,2,1,20.0,20.0,20.0,0.0,4.059865099960007,4.059865099960007,2.0,1412004.0,100.0,0.0,0.0
dang,kroB200_gen2_m2.txt,201,2,1,1315.0,1315.0,1315.0,0.0,3.982940400019288,3.982940400019288,2.0,1412004.0,100.0,0.0,0.0
dang,kroB200_gen2_m4.txt,201,4,1,1665.0,1665.0,1665.0,0.0,1.7693882000166923,1.7693882000166923,2.0,1412004.0,100.0,0.0,0.0
dang,kroB200_gen3_m2.txt,201,2,1,581.0,581.0,581.0,0.0,3.77113000000827,3.77113000000827,2.0,1412004.0,100.0,0.0,0.0
dang,kroB200_gen3_m3.txt,201,3,1,642.0,642.0,642.0,0.0,2.194630900048651,2.194630900048651,2.0,1412004.0,100.0,0.0,0.0
dang,lin318_gen1_m2.txt,319,2,1,20.0,20.0,20.0,0.0,6.876415400067344,6.876415400067344,2.0,2299836.0,100.0,0.0,0.0
dang,lin318_gen1_m3.txt,319,3,1,22.0,22.0,22.0,0.0,6.652289899997413,6.652289899997413,2.0,2299836.0,100.0,0.0,0.0
dang,lin318_gen2_m2.txt,319,2,1,1227.0,1227.0,1227.0,0.0,6.89557719998993,6.89557719998993,2.0,2299836.0,100.0,0.0,0.0
dang,lin318_gen2_m3.txt,319,3,1,1387.0,1387.0,1387.0,0.0,6.717529500019737,6.717529500019737,2.0,2299836.0,100.0,0.0,0.0
dang,lin318_gen3_m2.txt,319,2,1,308.0,308.0,308.0,0.0,6.725810800096951,6.725810800096951,2.0,2299836.0,100.0,0.0,0.0
dang,lin318_gen3_m4.txt,319,4,1,390.0,390.0,390.0,0.0,6.474631900084205,6.474631900084205,2.0,2299836.0,100.0,0.0,0.0
dang,pr136_gen1_m2.txt,137,2,1,20.0,20.0,20.0,0.0,12.501911200000905,12.501911200000905,12.0,5541426.0,100.0,0.0,0.0
dang,pr136_gen2_m2.txt,137,2,1,1258.0,1258.0,1258.0,0.0,2.8814886999316514,2.8814886999316514,2.0,930468.0,100.0,0.0,0.0
dang,pr264_gen1_m4.txt,265,4,1,24.0,24.0,24.0,0.0,4.122645900002681,4.122645900002681,2.0,1893540.0,100.0,0.0,0.0
dang,pr264_gen2_m2.txt,265,2,1,1151.0,1151.0,1151.0,0.0,5.260057199979201,5.260057199979201,2.0,1893540.0,100.0,0.0,0.0
dang,pr264_gen2_m3.txt,265,3,1,1334.0,1334.0,1334.0,0.0,4.981335800024681,4.981335800024681,2.0,1893540.0,100.0,0.0,0.0
dang,pr264_gen2_m4.txt,265,4,1,1488.0,1488.0,1488.0,0.0,4.105791400070302,4.105791400070302,2.0,1893540.0,100.0,0.0,0.0
dang,pr264_gen3_m3.txt,265,3,1,591.0,591.0,591.0,0.0,8.741898600012064,8.741898600012064,4.0,3768270.0,100.0,0.0,0.0
dang,pr299_gen1_m2.txt,300,2,1,20.0,20.0,20.0,0.0,6.345938800019212,6.345938800019212,2.0,2156880.0,100.0,0.0,0.0
dang,pr299_gen1_m3.txt,300,3,1,22.0,22.0,22.0,0.0,3.5009394000517204,3.5009394000517204,2.0,2156880.0,100.0,0.0,0.0
dang,pr299_gen1_m4.txt,300,4,1,24.0,24.0,24.0,0.0,2.734415600076318,2.734415600076318,2.0,2156880.0,100.0,0.0,0.0
dang,pr299_gen2_m3.txt,300,3,1,1339.0,1339.0,1339.0,0.0,3.816066199913621,3.816066199913621,2.0,2156880.0,100.0,0.0,0.0
dang,pr299_gen2_m4.txt,300,4,1,1486.0,1486.0,1486.0,0.0,2.9914133000420406,2.9914133000420406,2.0,2156880.0,100.0,0.0,0.0
dang,pr299_gen3_m2.txt,300,2,1,374.0,374.0,374.0,0.0,6.340586700011045,6.340586700011045,2.0,2156880.0,100.0,0.0,0.0
dang,pr299_gen3_m3.txt,300,3,1,404.0,404.0,404.0,0.0,3.4611942999763414,3.4611942999763414,2.0,2156880.0,100.0,0.0,0.0
dang,pr299_gen3_m4.txt,300,4,1,450.0,450.0,450.0,0.0,2.7831450999947265,2.7831450999947265,2.0,2156880.0,100.0,0.0,0.0
dang,rat195_gen2_m2.txt,196,2,1,1253.0,1253.0,1253.0,0.0,4.25102850003168,4.25102850003168,2.0,1374384.0,100.0,0.0,0.0
dang,rat195_gen3_m3.txt,196,3,1,584.0,584.0,584.0,0.0,3.8093551999190822,3.8093551999190822,2.0,1374384.0,100.0,0.0,0.0
dang,rd400_gen1_m2.txt,401,2,1,20.0,20.0,20.0,0.0,9.057332700002007,9.057332700002007,2.0,2916804.0,100.0,0.0,0.0
dang,rd400_gen1_m3.txt,401,3,1,22.0,22.0,22.0,0.0,9.033294899971224,9.033294899971224,2.0,2916804.0,100.0,0.0,0.0
dang,rd400_gen1_m4.txt,401,4,1,24.0,24.0,24.0,0.0,8.61420279997401,8.61420279997401,2.0,2916804.0,100.0,0.0,0.0
dang,rd400_gen2_m2.txt,401,2,1,1356.0,1356.0,1356.0,0.0,9.13769180001691,9.13769180001691,2.0,2916804.0,100.0,0.0,0.0
dang,rd400_gen2_m3.txt,401,3,1,1541.0,1541.0,1541.0,0.0,8.983326300047338,8.983326300047338,2.0,2916804.0,100.0,0.0,0.0
dang,rd400_gen2_m4.txt,401,4,1,1716.0,1716.0,1716.0,0.0,8.503864699974656,8.503864699974656,2.0,2916804.0,100.0,0.0,0.0
dang,rd400_gen3_m2.txt,401,2,1,521.0,521.0,521.0,0.0,9.330814799992368,9.330814799992368,2.0,2916804.0,100.0,0.0,0.0
dang,rd400_gen3_m3.txt,401,3,1,680.0,680.0,680.0,0.0,8.979825200047344,8.979825200047344,2.0,2916804.0,100.0,0.0,0.0
dang,rd400_gen3_m4.txt,401,4,1,821.0,821.0,821.0,0.0,8.673063799971715,8.673063799971715,2.0,2916804.0,100.0,0.0,0.0
dang,ts225_gen2_m2.txt,226,2,1,1170.0,1170.0,1170.0,0.0,4.814646600047126,4.814646600047126,2.0,1600104.0,100.0,0.0,0.0
vansteenwegen,bier127_gen1_m2.txt,128,2,1,36.0,36.0,36.0,0.0,8.838506100000814,8.838506100000814,9.0,3856050.0,100.0,0.0,0.0
vansteenwegen,bier127_gen1_m3.txt,128,3,1,38.0,38.0,38.0,0.0,11.747861100011505,11.747861100011505,12.0,5116320.0,100.0,0.0,0.0
vansteenwegen,bier127_gen2_m2.txt,128,2,1,1313.0,1313.0,1313.0,0.0,2.7986177999991924,2.7986177999991924,2.0,862752.0,100.0,0.0,0.0
vansteenwegen,bier127_gen2_m3.txt,128,3,1,1485.0,1485.0,1485.0,0.0,11.528324600076303,11.528324600076303,12.0,5078700.0,100.0,0.0,0.0
vansteenwegen,bier127_gen2_m4.txt,128,4,1,1561.0,1561.0,1561.0,0.0,2.766706500086002,2.766706500086002,2.0,862752.0,100.0,0.0,0.0
vansteenwegen,bier127_gen3_m2.txt,128,2,1,425.0,425.0,425.0,0.0,2.591375199961476,2.591375199961476,2.0,862752.0,100.0,0.0,0.0
vansteenwegen,bier127_gen3_m3.txt,128,3,1,524.0,524.0,524.0,0.0,2.805112399975769,2.805112399975769,2.0,862752.0,100.0,0.0,0.0
vansteenwegen,bier127_gen3_m4.txt,128,4,1,555.0,555.0,555.0,0.0,2.5235141000011936,2.5235141000011936,2.0,862752.0,100.0,0.0,0.0
vansteenwegen,cmt101c_m3.txt,102,3,1,810.0,810.0,810.0,0.0,8.876649899990298,8.876649899990298,12.0,3886146.0,100.0,0.0,0.0
vansteenwegen,cmt151b_m3.txt,152,3,1,732.0,732.0,732.0,0.0,12.458491099998355,12.458491099998355,12.0,6177204.0,100.0,0.0,0.0
vansteenwegen,cmt151c_m2.txt,152,2,1,663.0,663.0,663.0,0.0,13.077306600054726,13.077306600054726,12.0,6211062.0,100.0,0.0,0.0
vansteenwegen,cmt151c_m3.txt,152,3,1,732.0,732.0,732.0,0.0,13.51096880005207,13.51096880005207,12.0,6184728.0,100.0,0.0,0.0
vansteenwegen,cmt151c_m4.txt,152,4,1,810.0,810.0,810.0,0.0,13.90040579997003,13.90040579997003,12.0,6162156.0,100.0,0.0,0.0
vansteenwegen,cmt200b_m2.txt,201,2,1,698.0,698.0,698.0,0.0,18.55403049988672,18.55403049988672,12.0,8396784.0,100.0,0.0,0.0
vansteenwegen,cmt200b_m3.txt,201,3,1,1010.0,1010.0,1010.0,0.0,18.569488000008278,18.569488000008278,12.0,8408070.0,100.0,0.0,0.0
vansteenwegen,cmt200b_m4.txt,201,4,1,1070.0,1070.0,1070.0,0.0,13.296060499968007,13.296060499968007,12.0,8374212.0,100.0,0.0,0.0
vansteenwegen,cmt200c_m2.txt,201,2,1,698.0,698.0,698.0,0.0,18.485853900085203,18.485853900085203,12.0,8396784.0,100.0,0.0,0.0
vansteenwegen,cmt200c_m3.txt,201,3,1,766.0,766.0,766.0,0.0,18.29110559995752,18.29110559995752,12.0,8329068.0,100.0,0.0,0.0
vansteenwegen,cmt200c_m4.txt,201,4,1,859.0,859.0,859.0,0.0,18.151581699959934,18.151581699959934,12.0,8370450.0,100.0,0.0,0.0
vansteenwegen,eil101b_m3.txt,102,3,1,425.0,425.0,425.0,0.0,1.8561537999194115,1.8561537999194115,2.0,667128.0,100.0,0.0,0.0
vansteenwegen,eil101c_m2.txt,102,2,1,383.0,383.0,383.0,0.0,2.222291599959135,2.222291599959135,2.0,667128.0,100.0,0.0,0.0
vansteenwegen,eil101c_m3.txt,102,3,1,436.0,436.0,436.0,0.0,2.0033735000761226,2.0033735000761226,2.0,667128.0,100.0,0.0,0.0
vansteenwegen,gil262_gen1_m3.txt,263,3,1,22.0,22.0,22.0,0.0,3.125352800008841,3.125352800008841,2.0,1878492.0,100.0,0.0,0.0
vansteenwegen,gil262_gen1_m4.txt,263,4,1,24.0,24.0,24.0,0.0,1.2576757000060752,1.2576757000060752,2.0,1878492.0,100.0,0.0,0.0
vansteenwegen,gil262_gen2_m2.txt,263,2,1,1403.0,1403.0,1403.0,0.0,5.531266300007701,5.531266300007701,2.0,1878492.0,100.0,0.0,0.0
vansteenwegen,gil262_gen2_m3.txt,263,3,1,1583.0,1583.0,1583.0,0.0,3.140199700021185,3.140199700021185,2.0,1878492.0,100.0,0.0,0.0
vansteenwegen,gil262_gen3_m2.txt,263,2,1,532.0,532.0,532.0,0.0,5.554148999974132,5.554148999974132,2.0,1878492.0,100.0,0.0,0.0
vansteenwegen,gil262_gen3_m4.txt,263,4,1,632.0,632.0,632.0,0.0,1.3059505999553949,1.3059505999553949,2.0,1878492.0,100.0,0.0,0.0
vansteenwegen,gil262a_m2.txt,251,2,1,1352.0,1352.0,1352.0,0.0,17.880158999934793,17.880158999934793,12.0,10669032.0,100.0,0.0,0.0
vansteenwegen,gil262a_m4.txt,251,4,1,1474.0,1474.0,1474.0,0.0,1.126085099996999,1.126085099996999,2.0,1788204.0,100.0,0.0,0.0
vansteenwegen,gil262b_m2.txt,251,2,1,1352.0,1352.0,1352.0,0.0,23.517228699987754,23.517228699987754,12.0,10642698.0,100.0,0.0,0.0
vansteenwegen,gil262b_m3.txt,251,3,1,1402.0,1402.0,1402.0,0.0,5.027116899960674,5.027116899960674,2.0,1788204.0,100.0,0.0,0.0
vansteenwegen,gil262b_m4.txt,251,4,1,1565.0,1565.0,1565.0,0.0,4.099884200026281,4.099884200026281,2.0,1788204.0,100.0,0.0,0.0
vansteenwegen,gil262c_m2.txt,251,2,1,1352.0,1352.0,1352.0,0.0,23.21749930002261,23.21749930002261,12.0,10642698.0,100.0,0.0,0.0
vansteenwegen,gil262c_m3.txt,251,3,1,1402.0,1402.0,1402.0,0.0,5.548864400014281,5.548864400014281,2.0,1788204.0,100.0,0.0,0.0
vansteenwegen,gil262c_m4.txt,251,4,1,1565.0,1565.0,1565.0,0.0,5.264568199985661,5.264568199985661,2.0,1788204.0,100.0,0.0,0.0
vansteenwegen,gr229_gen1_m4.txt,230,4,1,24.0,24.0,24.0,0.0,4.959427100024186,4.959427100024186,2.0,1630200.0,100.0,0.0,0.0
vansteenwegen,gr229_gen2_m3.txt,230,3,1,1463.0,1463.0,1463.0,0.0,4.911965599982068,4.911965599982068,2.0,1630200.0,100.0,0.0,0.0
vansteenwegen,gr229_gen2_m4.txt,230,4,1,1620.0,1620.0,1620.0,0.0,4.945827199961059,4.945827199961059,2.0,1630200.0,100.0,0.0,0.0
vansteenwegen,gr229_gen3_m3.txt,230,3,1,379.0,379.0,379.0,0.0,4.813208699924871,4.813208699924871,2.0,1630200.0,100.0,0.0,0.0
vansteenwegen,gr229_gen3_m4.txt,230,4,1,457.0,457.0,457.0,0.0,4.929530199966393,4.929530199966393,2.0,1630200.0,100.0,0.0,0.0
vansteenwegen,kroA150_gen2_m2.txt,151,2,1,1171.0,1171.0,1171.0,0.0,2.725898699951358,2.725898699951358,2.0,1035804.0,100.0,0.0,0.0
vansteenwegen,kroA150_gen3_m3.txt,151,3,1,810.0,810.0,810.0,0.0,1.7361708000535145,1.7361708000535145,2.0,1035804.0,100.0,0.0,0.0
vansteenwegen,kroA200_gen1_m4.txt,201,4,1,24.0,24.0,24.0,0.0,1.5909410000313073,1.5909410000313073,2.0,1412004.0,100.0,0.0,0.0
vansteenwegen,kroB200_gen1_m2.txt,201,2,1,20.0,20.0,20.0,0.0,4.1954952999949455,4.1954952999949455,2.0,1412004.0,100.0,0.0,0.0
vansteenwegen,kroB200_gen2_m2.txt,201,2,1,1315.0,1315.0,1315.0,0.0,3.9489478000905365,3.9489478000905365,2.0,1412004.0,100.0,0.0,0.0
vansteenwegen,kroB200_gen2_m4.txt,201,4,1,1665.0,1665.0,1665.0,0.0,1.767135199974291,1.767135199974291,2.0,1412004.0,100.0,0.0,0.0
vansteenwegen,kroB200_gen3_m2.txt,201,2,1,581.0,581.0,581.0,0.0,4.26482240005862,4.26482240005862,2.0,1412004.0,100.0,0.0,0.0
vansteenwegen,kroB200_gen3_m3.txt,201,3,1,642.0,642.0,642.0,0.0,2.165534200030379,2.165534200030379,2.0,1412004.0,100.0,0.0,0.0
vansteenwegen,pr136_gen1_m2.txt,137,2,1,20.0,20.0,20.0,0.0,12.468779299990274,12.468779299990274,12.0,5541426.0,100.0,0.0,0.0
vansteenwegen,pr136_gen2_m2.txt,137,2,1,1258.0,1258.0,1258.0,0.0,2.7939420000184327,2.7939420000184327,2.0,930468.0,100.0,0.0,0.0
vansteenwegen,pr264_gen1_m4.txt,265,4,1,24.0,24.0,24.0,0.0,4.119194100028835,4.119194100028835,2.0,1893540.0,100.0,0.0,0.0
vansteenwegen,pr264_gen2_m2.txt,265,2,1,1151.0,1151.0,1151.0,0.0,5.143118500011042,5.143118500011042,2.0,1893540.0,100.0,0.0,0.0
vansteenwegen,pr264_gen2_m3.txt,265,3,1,1334.0,1334.0,1334.0,0.0,5.324689999921247,5.324689999921247,2.0,1893540.0,100.0,0.0,0.0
vansteenwegen,pr264_gen2_m4.txt,265,4,1,1488.0,1488.0,1488.0,0.0,4.073797699995339,4.073797699995339,2.0,1893540.0,100.0,0.0,0.0
vansteenwegen,pr264_gen3_m3.txt,265,3,1,591.0,591.0,591.0,0.0,8.787093200022355,8.787093200022355,4.0,3768270.0,100.0,0.0,0.0
vansteenwegen,pr299_gen1_m2.txt,300,2,1,20.0,20.0,20.0,0.0,6.303921699989587,6.303921699989587,2.0,2156880.0,100.0,0.0,0.0
vansteenwegen,pr299_gen1_m3.txt,300,3,1,22.0,22.0,22.0,0.0,3.4938668000977486,3.4938668000977486,2.0,2156880.0,100.0,0.0,0.0
vansteenwegen,pr299_gen1_m4.txt,300,4,1,24.0,24.0,24.0,0.0,2.6910329000093043,2.6910329000093043,2.0,2156880.0,100.0,0.0,0.0
vansteenwegen,pr299_gen2_m3.txt,300,3,1,1339.0,1339.0,1339.0,0.0,3.6165713000809774,3.6165713000809774,2.0,2156880.0,100.0,0.0,0.0
vansteenwegen,pr299_gen2_m4.txt,300,4,1,1486.0,1486.0,1486.0,0.0,2.900782100041397,2.900782100041397,2.0,2156880.0,100.0,0.0,0.0
vansteenwegen,pr299_gen3_m2.txt,300,2,1,374.0,374.0,374.0,0.0,6.272034600027837,6.272034600027837,2.0,2156880.0,100.0,0.0,0.0
vansteenwegen,pr299_gen3_m3.txt,300,3,1,404.0,404.0,404.0,0.0,3.6461740999948233,3.6461740999948233,2.0,2156880.0,100.0,0.0,0.0
vansteenwegen,pr299_gen3_m4.txt,300,4,1,450.0,450.0,450.0,0.0,2.5279837999260053,2.5279837999260053,2.0,2156880.0,100.0,0.0,0.0
vansteenwegen,rat195_gen2_m2.txt,196,2,1,1253.0,1253.0,1253.0,0.0,4.12024089996703,4.12024089996703,2.0,1374384.0,100.0,0.0,0.0
vansteenwegen,rat195_gen3_m3.txt,196,3,1,584.0,584.0,584.0,0.0,3.9616700999904424,3.9616700999904424,2.0,1374384.0,100.0,0.0,0.0
vansteenwegen,ts225_gen2_m2.txt,226,2,1,1170.0,1170.0,1170.0,0.0,4.912324600038119,4.912324600038119,2.0,1600104.0,100.0,0.0,0.0
