dataset,instance,run_index,run_seed,num_nodes,team_size,max_route_distance,total_score,reference_best_score,gap_to_reference_best_percent,success_reference_hit,cpu_time_seconds,iterations,iterations_to_convergence,last_improvement_iteration,stagnation_iterations,accepted_worse_moves,restarts_performed,num_lp_solves,num_labels_generated,status
chao,p4.2.a.txt,0,7,100,2,25.0,153.0,153.0,0.0,1,0.22732449998147786,2,2,2,0,0,0,2,87472,ok
chao,p4.2.b.txt,0,1007,100,2,30.0,214.0,214.0,0.0,1,0.42137039999943227,2,2,2,0,0,0,2,265232,ok
chao,p4.2.c.txt,0,2007,100,2,35.0,269.0,269.0,0.0,1,0.657276300014928,2,2,2,0,0,0,2,360360,ok
chao,p4.2.d.txt,0,3007,100,2,40.0,302.0,302.0,0.0,1,0.8974118999904022,2,2,2,0,0,0,2,360360,ok
chao,p4.2.e.txt,0,4007,100,2,45.0,340.0,340.0,0.0,1,1.1412970999954268,2,2,2,0,0,0,2,526592,ok
chao,p4.2.f.txt,0,5007,100,2,50.0,371.0,371.0,0.0,1,1.79014559998177,2,2,2,0,0,0,2,652080,ok
chao,p4.2.g.txt,0,6007,100,2,55.0,398.0,398.0,0.0,1,1.6013526000315323,2,2,2,0,0,0,2,652080,ok
chao,p4.2.h.txt,0,7007,100,2,60.0,415.0,415.0,0.0,1,1.8041497999802232,2,2,2,0,0,0,2,652080,ok
chao,p4.2.i.txt,0,8007,100,2,65.0,415.0,415.0,0.0,1,2.3692773000802845,2,2,2,0,0,0,2,652080,ok
chao,p4.2.j.txt,0,9007,100,2,70.0,415.0,415.0,0.0,1,2.0406253000255674,2,2,2,0,0,0,2,652080,ok
chao,p4.2.k.txt,0,10007,100,2,75.0,415.0,415.0,0.0,1,2.109841800061986,2,2,2,0,0,0,2,652080,ok
chao,p4.2.l.txt,0,11007,100,2,80.0,415.0,415.0,0.0,1,2.1370571999577805,2,2,2,0,0,0,2,652080,ok
chao,p4.2.m.txt,0,12007,100,2,85.0,415.0,415.0,0.0,1,2.1203336999751627,2,2,2,0,0,0,2,652080,ok
chao,p4.2.n.txt,0,13007,100,2,90.0,415.0,415.0,0.0,1,2.2185309999622405,2,2,2,0,0,0,2,652080,ok
chao,p4.2.o.txt,0,14007,100,2,95.0,415.0,415.0,0.0,1,2.053682000027038,2,2,2,0,0,0,2,652080,ok
chao,p4.2.p.txt,0,15007,100,2,100.0,415.0,415.0,0.0,1,2.2245958000421524,2,2,2,0,0,0,2,652080,ok
chao,p4.2.q.txt,0,16007,100,2,105.0,415.0,415.0,0.0,1,2.0545326999854296,2,2,2,0,0,0,2,652080,ok
chao,p4.2.r.txt,0,17007,100,2,110.0,415.0,415.0,0.0,1,2.030996200046502,2,2,2,0,0,0,2,652080,ok
chao,p4.2.s.txt,0,18007,100,2,115.0,415.0,415.0,0.0,1,2.288225399912335,2,2,2,0,0,0,2,652080,ok
chao,p4.2.t.txt,0,19007,100,2,120.0,415.0,415.0,0.0,1,2.0125108000356704,2,2,2,0,0,0,2,652080,ok
chao,p4.3.a.txt,0,20007,100,3,16.7,0,0.0,0.0,1,0.06931569997686893,1,1,1,0,0,0,1,2156,ok
chao,p4.3.b.txt,0,21007,100,3,20.0,38.0,38.0,0.0,1,0.0765374000184238,1,1,1,0,0,0,1,6424,ok
chao,p4.3.c.txt,0,22007,100,3,23.3,150.0,150.0,0.0,1,0.1790872000856325,2,2,2,0,0,0,2,115808,ok
chao,p4.3.d.txt,0,23007,100,3,26.7,280.0,280.0,0.0,1,1.1159990000305697,12,12,12,0,0,0,12,835912,ok
chao,p4.3.e.txt,0,24007,100,3,30.0,261.0,261.0,0.0,1,0.467356999986805,2,2,2,0,0,0,2,265232,ok
chao,p4.3.f.txt,0,25007,100,3,33.3,304.0,304.0,0.0,1,0.7376429000869393,2,2,2,0,0,0,2,360360,ok
chao,p4.3.g.txt,0,26007,100,3,36.7,342.0,342.0,0.0,1,5.192056200001389,12,12,12,0,0,0,12,2155142,ok
chao,p4.3.h.txt,0,27007,100,3,40.0,349.0,349.0,0.0,1,1.6633871999802068,2,2,2,0,0,0,2,360360,ok
chao,p4.3.i.txt,0,28007,100,3,43.3,378.0,378.0,0.0,1,2.0223106000339612,2,2,2,0,0,0,2,468160,ok
chao,p4.3.j.txt,0,29007,100,3,46.7,403.0,403.0,0.0,1,2.392439000075683,2,2,2,0,0,0,2,652080,ok
chao,p4.3.k.txt,0,30007,100,3,50.0,419.0,419.0,0.0,1,2.639983500004746,2,2,2,0,0,0,2,652080,ok
chao,p4.3.l.txt,0,31007,100,3,53.3,443.0,443.0,0.0,1,2.5136465000687167,2,2,2,0,0,0,2,652080,ok
chao,p4.3.m.txt,0,32007,100,3,56.7,453.0,453.0,0.0,1,2.7717108000069857,2,2,2,0,0,0,2,652080,ok
chao,p4.3.n.txt,0,33007,100,3,60.0,463.0,463.0,0.0,1,2.884726700023748,2,2,2,0,0,0,2,652080,ok
chao,p4.3.o.txt,0,34007,100,3,63.3,463.0,463.0,0.0,1,3.365507200011052,2,2,2,0,0,0,2,652080,ok
chao,p4.3.p.txt,0,35007,100,3,66.7,463.0,463.0,0.0,1,3.3762347999727353,2,2,2,0,0,0,2,652080,ok
chao,p4.3.q.txt,0,36007,100,3,70.0,463.0,463.0,0.0,1,3.4239156999392435,2,2,2,0,0,0,2,652080,ok
chao,p4.3.r.txt,0,37007,100,3,73.3,463.0,463.0,0.0,1,3.553894400014542,2,2,2,0,0,0,2,652080,ok
chao,p4.3.s.txt,0,38007,100,3,76.7,463.0,463.0,0.0,1,3.645152200013399,2,2,2,0,0,0,2,652080,ok
chao,p4.3.t.txt,0,39007,100,3,80.0,463.0,463.0,0.0,1,3.63153280003462,2,2,2,0,0,0,2,652080,ok
chao,p4.4.a.txt,0,40007,100,4,12.5,0,0.0,0.0,1,0.07392580003943294,1,1,1,0,0,0,1,2156,ok
chao,p4.4.b.txt,0,41007,100,4,15.0,0,0.0,0.0,1,0.04768249997869134,1,1,1,0,0,0,1,2156,ok
chao,p4.4.c.txt,0,42007,100,4,17.5,0,0.0,0.0,1,0.03887079993728548,1,1,1,0,0,0,1,2156,ok
chao,p4.4.d.txt,0,43007,100,4,20.0,38.0,38.0,0.0,1,0.05895919993054122,1,1,1,0,0,0,1,6424,ok
chao,p4.4.e.txt,0,44007,100,4,22.5,181.0,181.0,0.0,1,1.0820590000366792,12,12,12,0,0,0,12,363550,ok
chao,p4.4.f.txt,0,45007,100,4,25.0,214.0,214.0,0.0,1,0.3996482000220567,2,2,2,0,0,0,2,87472,ok
chao,p4.4.g.txt,0,46007,100,4,27.5,340.0,340.0,0.0,1,2.030070299981162,12,12,12,0,0,0,12,871750,ok
chao,p4.4.h.txt,0,47007,100,4,30.0,305.0,305.0,0.0,1,0.6748438000213355,2,2,2,0,0,0,2,265232,ok
chao,p4.4.i.txt,0,48007,100,4,32.5,467.0,467.0,0.0,1,4.468217699904926,12,12,12,0,0,0,12,1497584,ok
chao,p4.4.j.txt,0,49007,100,4,35.0,361.0,361.0,0.0,1,1.1653653000248596,2,2,2,0,0,0,2,360360,ok
chao,p4.4.k.txt,0,50007,100,4,37.5,386.0,386.0,0.0,1,6.251668200013228,12,12,12,0,0,0,12,2118116,ok
chao,p4.4.l.txt,0,51007,100,4,40.0,394.0,394.0,0.0,1,1.6327831000089645,2,2,2,0,0,0,2,360360,ok
chao,p4.4.m.txt,0,52007,100,4,42.5,427.0,427.0,0.0,1,1.9828297999920323,2,2,2,0,0,0,2,652080,ok
chao,p4.4.n.txt,0,53007,100,4,45.0,435.0,435.0,0.0,1,2.2422504000132903,2,2,2,0,0,0,2,526592,ok
chao,p4.4.o.txt,0,54007,100,4,47.5,451.0,451.0,0.0,1,2.4201558000640944,2,2,2,0,0,0,2,652080,ok
chao,p4.4.p.txt,0,55007,100,4,50.0,467.0,467.0,0.0,1,2.8031352000543848,2,2,2,0,0,0,2,652080,ok
chao,p4.4.q.txt,0,56007,100,4,52.5,487.0,487.0,0.0,1,2.904704899992794,2,2,2,0,0,0,2,652080,ok
chao,p4.4.r.txt,0,57007,100,4,55.0,494.0,494.0,0.0,1,3.0238145999610424,2,2,2,0,0,0,2,652080,ok
chao,p4.4.s.txt,0,58007,100,4,57.5,506.0,506.0,0.0,1,3.2035170999588445,2,2,2,0,0,0,2,652080,ok
chao,p4.4.t.txt,0,59007,100,4,60.0,511.0,511.0,0.0,1,3.3081535999663174,2,2,2,0,0,0,2,652080,ok
chao,p5.2.a.txt,0,60007,66,2,2.5,0,0.0,0.0,1,0.07578890002332628,1,1,1,0,0,0,1,1408,ok
chao,p5.2.b.txt,0,61007,66,2,5.0,20.0,20.0,0.0,1,0.1265277999918908,1,1,1,0,0,0,1,8272,ok
chao,p5.2.c.txt,0,62007,66,2,7.5,40.0,40.0,0.0,1,0.1464638999896124,1,1,1,0,0,0,1,8272,ok
chao,p5.2.d.txt,0,63007,66,2,10.0,80.0,80.0,0.0,1,0.29634089989122003,2,2,2,0,0,0,2,40480,ok
chao,p5.2.e.txt,0,64007,66,2,12.5,170.0,170.0,0.0,1,0.6089203000301495,2,2,2,0,0,0,2,56056,ok
chao,p5.2.f.txt,0,65007,66,2,15.0,190.0,190.0,0.0,1,0.892984899925068,2,2,2,0,0,0,2,56056,ok
chao,p5.2.g.txt,0,66007,66,2,17.5,320.0,320.0,0.0,1,1.377479999908246,2,2,2,0,0,0,2,116160,ok
chao,p5.2.h.txt,0,67007,66,2,20.0,390.0,390.0,0.0,1,1.6171094999881461,2,2,2,0,0,0,2,140360,ok
chao,p5.2.i.txt,0,68007,66,2,22.5,435.0,435.0,0.0,1,2.7338961999630556,3,3,3,0,0,0,3,205480,ok
chao,p5.2.j.txt,0,69007,66,2,25.0,560.0,560.0,0.0,1,2.1780161999631673,2,2,2,0,0,0,2,224224,ok
chao,p5.2.k.txt,0,70007,66,2,27.5,620.0,620.0,0.0,1,2.35669849999249,2,2,2,0,0,0,2,224224,ok
chao,p5.2.l.txt,0,71007,66,2,30.0,700.0,700.0,0.0,1,2.371125299949199,2,2,2,0,0,0,2,288640,ok
chao,p5.2.m.txt,0,72007,66,2,32.5,810.0,810.0,0.0,1,1.9466051999479532,2,2,2,0,0,0,2,323136,ok
chao,p5.2.n.txt,0,73007,66,2,35.0,830.0,830.0,0.0,1,1.9221149999648333,3,3,3,0,0,0,3,571793,ok
chao,p5.2.o.txt,0,74007,66,2,37.5,940.0,940.0,0.0,1,1.5233604999957606,2,2,2,0,0,0,2,396264,ok
chao,p5.2.p.txt,0,75007,66,2,40.0,1000.0,1000.0,0.0,1,1.549172000028193,2,2,2,0,0,0,2,396264,ok
chao,p5.2.q.txt,0,76007,66,2,42.5,1060.0,1060.0,0.0,1,1.4321420999476686,2,2,2,0,0,0,2,396264,ok
chao,p5.2.r.txt,0,77007,66,2,45.0,1050.0,1050.0,0.0,1,1.45590409997385,2,2,2,0,0,0,2,396264,ok
chao,p5.2.s.txt,0,78007,66,2,47.5,1060.0,1060.0,0.0,1,1.5989252000581473,2,2,2,0,0,0,2,396264,ok
chao,p5.2.t.txt,0,79007,66,2,50.0,1060.0,1060.0,0.0,1,1.416381400078535,2,2,2,0,0,0,2,396264,ok
chao,p5.2.u.txt,0,80007,66,2,52.5,1060.0,1060.0,0.0,1,1.4478887000586838,2,2,2,0,0,0,2,396264,ok
chao,p5.2.v.txt,0,81007,66,2,55.0,1060.0,1060.0,0.0,1,1.5248496000422165,2,2,2,0,0,0,2,396264,ok
chao,p5.2.w.txt,0,82007,66,2,57.5,1060.0,1060.0,0.0,1,1.485205400036648,2,2,2,0,0,0,2,396264,ok
chao,p5.2.x.txt,0,83007,66,2,60.0,1060.0,1060.0,0.0,1,1.501312099979259,2,2,2,0,0,0,2,396264,ok
chao,p5.2.y.txt,0,84007,66,2,62.5,1060.0,1060.0,0.0,1,1.4242568999761716,2,2,2,0,0,0,2,396264,ok
chao,p5.2.z.txt,0,85007,66,2,65.0,1060.0,1060.0,0.0,1,1.5493703000247478,2,2,2,0,0,0,2,396264,ok
chao,p5.3.a.txt,0,86007,66,3,1.7,0,0.0,0.0,1,0.05174939997959882,1,1,1,0,0,0,1,1408,ok
chao,p5.3.b.txt,0,87007,66,3,3.3,15.0,15.0,0.0,1,0.07820400001946837,1,1,1,0,0,0,1,4180,ok
chao,p5.3.c.txt,0,88007,66,3,5.0,20.0,20.0,0.0,1,0.17970440001226962,1,1,1,0,0,0,1,1320,ok
chao,p5.3.d.txt,0,89007,66,3,6.7,60.0,60.0,0.0,1,0.10052560002077371,1,1,1,0,0,0,1,8272,ok
chao,p5.3.e.txt,0,90007,66,3,8.3,85.0,85.0,0.0,1,0.1837249998934567,2,2,2,0,0,0,2,27280,ok
chao,p5.3.f.txt,0,91007,66,3,10.0,110.0,110.0,0.0,1,0.32387339998967946,4,4,4,0,0,0,4,55308,ok
chao,p5.3.g.txt,0,92007,66,3,11.7,160.0,160.0,0.0,1,0.3508596000028774,3,3,3,0,0,0,3,58030,ok
chao,p5.3.h.txt,0,93007,66,3,13.3,260.0,260.0,0.0,1,1.5258327999617904,12,12,12,0,0,0,12,268256,ok
chao,p5.3.i.txt,0,94007,66,3,15.0,255.0,255.0,0.0,1,0.7550817000446841,4,4,4,0,0,0,4,73128,ok
chao,p5.3.j.txt,0,95007,66,3,16.7,380.0,380.0,0.0,1,1.832836200017482,7,7,7,0,0,0,7,209592,ok
chao,p5.3.k.txt,0,96007,66,3,18.3,465.0,465.0,0.0,1,2.885246800025925,10,10,10,0,0,0,10,394996,ok
chao,p5.3.l.txt,0,97007,66,3,20.0,575.0,575.0,0.0,1,3.852614799980074,11,11,11,0,0,0,11,511807,ok
chao,p5.3.m.txt,0,98007,66,3,21.7,650.0,650.0,0.0,1,4.240620099939406,11,11,11,0,0,0,11,648328,ok
chao,p5.3.n.txt,0,99007,66,3,23.3,755.0,755.0,0.0,1,3.828462800011039,9,9,9,0,0,0,9,626798,ok
chao,p5.3.o.txt,0,100007,66,3,25.0,830.0,830.0,0.0,1,5.167384000029415,10,10,10,0,0,0,10,853780,ok
chao,p5.3.p.txt,0,101007,66,3,26.7,845.0,845.0,0.0,1,4.7320537000196055,10,10,10,0,0,0,10,958115,ok
chao,p5.3.q.txt,0,102007,66,3,28.3,1025.0,1025.0,0.0,1,5.60484600008931,11,11,11,0,0,0,11,1244458,ok
chao,p5.3.r.txt,0,103007,66,3,30.0,1050.0,1050.0,0.0,1,4.692708700080402,9,9,9,0,0,0,9,1084113,ok
chao,p5.3.s.txt,0,104007,66,3,31.7,1145.0,1145.0,0.0,1,5.420111900079064,11,11,11,0,0,0,11,1434444,ok
chao,p5.3.t.txt,0,105007,66,3,33.3,1220.0,1220.0,0.0,1,5.876586599973962,12,12,12,0,0,0,12,1709896,ok
chao,p5.3.u.txt,0,106007,66,3,35.0,1300.0,1300.0,0.0,1,5.212468600017019,10,10,10,0,0,0,10,1733118,ok
chao,p5.3.v.txt,0,107007,66,3,36.7,1400.0,1400.0,0.0,1,5.89843539998401,11,11,11,0,0,0,11,1973584,ok
chao,p5.3.w.txt,0,108007,66,3,38.3,1020.0,1020.0,0.0,1,6.389227100065909,12,12,12,0,0,0,12,2238169,ok
chao,p5.3.x.txt,0,109007,66,3,40.0,1500.0,1500.0,0.0,1,5.561584800016135,11,11,11,0,0,0,11,2111736,ok
chao,p5.3.y.txt,0,110007,66,3,41.7,1570.0,1570.0,0.0,1,5.738698499975726,11,11,11,0,0,0,11,2100450,ok
chao,p5.3.z.txt,0,111007,66,3,43.3,1550.0,1550.0,0.0,1,6.154295099899173,12,12,12,0,0,0,12,2268486,ok
chao,p5.4.a.txt,0,112007,66,4,1.2,0,0.0,0.0,1,0.05006909999065101,1,1,1,0,0,0,1,1408,ok
chao,p5.4.b.txt,0,113007,66,4,2.5,0,0.0,0.0,1,0.03502609999850392,1,1,1,0,0,0,1,1408,ok
chao,p5.4.c.txt,0,114007,66,4,3.8,20.0,20.0,0.0,1,0.07055100006982684,1,1,1,0,0,0,1,4180,ok
chao,p5.4.d.txt,0,115007,66,4,5.0,20.0,20.0,0.0,1,0.05324889998883009,1,1,1,0,0,0,1,1320,ok
chao,p5.4.e.txt,0,116007,66,4,6.2,20.0,20.0,0.0,1,0.07987769995816052,1,1,1,0,0,0,1,1320,ok
chao,p5.4.f.txt,0,117007,66,4,7.5,80.0,80.0,0.0,1,0.09825209993869066,1,1,1,0,0,0,1,8272,ok
chao,p5.4.g.txt,0,118007,66,4,8.8,130.0,130.0,0.0,1,0.23876470001414418,3,3,3,0,0,0,3,40920,ok
chao,p5.4.h.txt,0,119007,66,4,10.0,140.0,140.0,0.0,1,0.31681689992547035,4,4,4,0,0,0,4,57963,ok
chao,p5.4.i.txt,0,120007,66,4,11.2,190.0,190.0,0.0,1,0.3512749000219628,3,3,3,0,0,0,3,37648,ok
chao,p5.4.j.txt,0,121007,66,4,12.5,270.0,270.0,0.0,1,0.6212973999790847,5,5,5,0,0,0,5,103291,ok
chao,p5.4.k.txt,0,122007,66,4,13.8,340.0,340.0,0.0,1,1.5249350999947637,11,11,11,0,0,0,11,257884,ok
chao,p5.4.l.txt,0,123007,66,4,15.0,320.0,320.0,0.0,1,0.873752599931322,4,4,4,0,0,0,4,73128,ok
chao,p5.4.m.txt,0,124007,66,4,16.2,390.0,390.0,0.0,1,1.717668000026606,8,8,8,0,0,0,8,212459,ok
chao,p5.4.n.txt,0,125007,66,4,17.5,500.0,500.0,0.0,1,3.1580368999857455,12,12,12,0,0,0,12,332016,ok
chao,p5.4.o.txt,0,126007,66,4,18.8,615.0,615.0,0.0,1,3.681272399961017,11,11,11,0,0,0,11,436128,ok
chao,p5.4.p.txt,0,127007,66,4,20.0,760.0,760.0,0.0,1,4.222340799984522,12,12,12,0,0,0,12,575718,ok
chao,p5.4.q.txt,0,128007,66,4,21.2,860.0,860.0,0.0,1,4.360776599962264,11,11,11,0,0,0,11,632314,ok
chao,p5.4.r.txt,0,129007,66,4,22.5,880.0,880.0,0.0,1,4.395684199989773,11,11,11,0,0,0,11,707346,ok
chao,p5.4.s.txt,0,130007,66,4,23.8,1000.0,1000.0,0.0,1,5.032256399979815,12,12,12,0,0,0,12,906275,ok
chao,p5.4.t.txt,0,131007,66,4,25.0,1100.0,1100.0,0.0,1,5.61948910006322,12,12,12,0,0,0,12,969674,ok
chao,p5.4.u.txt,0,132007,66,4,26.2,1110.0,1110.0,0.0,1,5.10866570007056,11,11,11,0,0,0,11,1023340,ok
chao,p5.4.v.txt,0,133007,66,4,27.5,1260.0,1260.0,0.0,1,5.037360099959187,11,11,11,0,0,0,11,1106781,ok
chao,p5.4.w.txt,0,134007,66,4,28.8,1380.0,1380.0,0.0,1,4.644575299927965,9,9,9,0,0,0,9,1025246,ok
chao,p5.4.x.txt,0,135007,66,4,30.0,1380.0,1380.0,0.0,1,5.313870400073938,11,11,11,0,0,0,11,1249674,ok
chao,p5.4.y.txt,0,136007,66,4,31.2,1510.0,1510.0,0.0,1,6.60894589999225,10,10,10,0,0,0,10,1179050,ok
chao,p5.4.z.txt,0,137007,66,4,32.5,1620.0,1620.0,0.0,1,5.323927199933678,10,10,10,0,0,0,10,1430378,ok
chao,p6.2.a.txt,0,138007,64,2,7.5,0,0.0,0.0,1,0.06177410006057471,1,1,1,0,0,0,1,1364,ok
chao,p6.2.b.txt,0,139007,64,2,10.0,0,0.0,0.0,1,0.0343481000745669,1,1,1,0,0,0,1,1364,ok
chao,p6.2.c.txt,0,140007,64,2,12.5,0,0.0,0.0,1,0.03325930004939437,1,1,1,0,0,0,1,1364,ok
chao,p6.2.d.txt,0,141007,64,2,15.0,192.0,192.0,0.0,1,0.2427717000246048,2,2,2,0,0,0,2,90816,ok
chao,p6.2.e.txt,0,142007,64,2,17.5,324.0,324.0,0.0,1,0.4923616999294609,2,2,2,0,0,0,2,160688,ok
chao,p6.2.f.txt,0,143007,64,2,20.0,384.0,384.0,0.0,1,0.7444638999877498,2,2,2,0,0,0,2,135520,ok
chao,p6.2.g.txt,0,144007,64,2,22.5,504.0,504.0,0.0,1,0.9218925000168383,2,2,2,0,0,0,2,216216,ok
chao,p6.2.h.txt,0,145007,64,2,25.0,624.0,624.0,0.0,1,1.1369136000284925,2,2,2,0,0,0,2,311168,ok
chao,p6.2.i.txt,0,146007,64,2,27.5,732.0,732.0,0.0,1,1.415667999885045,2,2,2,0,0,0,2,311168,ok
chao,p6.2.j.txt,0,147007,64,2,30.0,876.0,876.0,0.0,1,1.4896355998935178,2,2,2,0,0,0,2,381216,ok
chao,p6.2.k.txt,0,148007,64,2,32.5,960.0,960.0,0.0,1,1.3272113999119028,2,2,2,0,0,0,2,381216,ok
chao,p6.2.l.txt,0,149007,64,2,35.0,960.0,960.0,0.0,1,1.3141163000836968,2,2,2,0,0,0,2,381216,ok
chao,p6.2.m.txt,0,150007,64,2,37.5,960.0,960.0,0.0,1,1.3905524000292644,2,2,2,0,0,0,2,381216,ok
chao,p6.2.n.txt,0,151007,64,2,40.0,960.0,960.0,0.0,1,1.3025596999796107,2,2,2,0,0,0,2,381216,ok
chao,p6.3.a.txt,0,152007,64,3,5.0,0,0.0,0.0,1,0.051012399955652654,1,1,1,0,0,0,1,1364,ok
chao,p6.3.b.txt,0,153007,64,3,6.7,0,0.0,0.0,1,0.033018199959769845,1,1,1,0,0,0,1,1364,ok
chao,p6.3.c.txt,0,154007,64,3,8.3,0,0.0,0.0,1,0.03420969995204359,1,1,1,0,0,0,1,1364,ok
chao,p6.3.d.txt,0,155007,64,3,10.0,0,0.0,0.0,1,0.03497390006668866,1,1,1,0,0,0,1,1364,ok
chao,p6.3.e.txt,0,156007,64,3,11.7,0,0.0,0.0,1,0.033828499959781766,1,1,1,0,0,0,1,1364,ok
chao,p6.3.f.txt,0,157007,64,3,13.3,0,0.0,0.0,1,0.03764699993189424,1,1,1,0,0,0,1,1364,ok
chao,p6.3.g.txt,0,158007,64,3,15.0,270.0,270.0,0.0,1,0.3626213000388816,4,4,4,0,0,0,4,126148,ok
chao,p6.3.h.txt,0,159007,64,3,16.7,396.0,396.0,0.0,1,1.809193400084041,12,12,12,0,0,0,12,740426,ok
chao,p6.3.i.txt,0,160007,64,3,18.3,426.0,426.0,0.0,1,2.6195267000002787,12,12,12,0,0,0,12,842474,ok
chao,p6.3.j.txt,0,161007,64,3,20.0,462.0,462.0,0.0,1,0.7312795000616461,2,2,2,0,0,0,2,135520,ok
chao,p6.3.k.txt,0,162007,64,3,21.7,582.0,582.0,0.0,1,4.0078237999696285,12,12,12,0,0,0,12,1063920,ok
chao,p6.3.l.txt,0,163007,64,3,23.3,678.0,678.0,0.0,1,5.099663899978623,12,12,12,0,0,0,12,1308638,ok
chao,p6.3.m.txt,0,164007,64,3,25.0,738.0,738.0,0.0,1,5.161465200013481,12,12,12,0,0,0,12,1577264,ok
chao,p6.3.n.txt,0,165007,64,3,26.7,834.0,834.0,0.0,1,5.284297800040804,12,12,12,0,0,0,12,1598130,ok
chao,p6.4.a.txt,0,166007,64,4,3.8,0,0.0,0.0,1,0.0536516000283882,1,1,1,0,0,0,1,1364,ok
chao,p6.4.b.txt,0,167007,64,4,5.0,0,0.0,0.0,1,0.03450539999175817,1,1,1,0,0,0,1,1364,ok
chao,p6.4.c.txt,0,168007,64,4,6.2,0,0.0,0.0,1,0.0359172000316903,1,1,1,0,0,0,1,1364,ok
chao,p6.4.d.txt,0,169007,64,4,7.5,0,0.0,0.0,1,0.03832419996615499,1,1,1,0,0,0,1,1364,ok
chao,p6.4.e.txt,0,170007,64,4,8.8,0,0.0,0.0,1,0.03399240004364401,1,1,1,0,0,0,1,1364,ok
chao,p6.4.f.txt,0,171007,64,4,10.0,0,0.0,0.0,1,0.03680330002680421,1,1,1,0,0,0,1,1364,ok
chao,p6.4.g.txt,0,172007,64,4,11.2,0,0.0,0.0,1,0.03642989997752011,1,1,1,0,0,0,1,1364,ok
chao,p6.4.h.txt,0,173007,64,4,12.5,0,0.0,0.0,1,0.03465759998653084,1,1,1,0,0,0,1,1364,ok
chao,p6.4.i.txt,0,174007,64,4,13.8,0,0.0,0.0,1,0.03433649998623878,1,1,1,0,0,0,1,1364,ok
chao,p6.4.j.txt,0,175007,64,4,15.0,360.0,360.0,0.0,1,0.8438283000141382,10,10,10,0,0,0,10,391820,ok
chao,p6.4.k.txt,0,176007,64,4,16.2,372.0,372.0,0.0,1,0.30832409998402,2,2,2,0,0,0,2,90816,ok
chao,p6.4.l.txt,0,177007,64,4,17.5,552.0,552.0,0.0,1,2.265859300037846,12,12,12,0,0,0,12,733281,ok
chao,p6.4.m.txt,0,178007,64,4,18.8,648.0,648.0,0.0,1,2.802350000012666,12,12,12,0,0,0,12,847224,ok
chao,p6.4.n.txt,0,179007,64,4,20.0,540.0,540.0,0.0,1,0.7349584000185132,2,2,2,0,0,0,2,135520,ok
chao,p7.2.a.txt,0,180007,102,2,10.0,30.0,30.0,0.0,1,0.06811160000506788,1,1,1,0,0,0,1,6556,ok
chao,p7.2.b.txt,0,181007,102,2,20.0,64.0,64.0,0.0,1,0.13429239997640252,2,2,2,0,0,0,2,26048,ok
chao,p7.2.c.txt,0,182007,102,2,30.0,96.0,96.0,0.0,1,0.1466448000865057,2,2,2,0,0,0,2,43120,ok
chao,p7.2.d.txt,0,183007,102,2,40.0,136.0,136.0,0.0,1,0.23679270001593977,2,2,2,0,0,0,2,89320,ok
chao,p7.2.e.txt,0,184007,102,2,50.0,178.0,178.0,0.0,1,0.36208909994456917,2,2,2,0,0,0,2,151008,ok
chao,p7.2.f.txt,0,185007,102,2,60.0,201.0,201.0,0.0,1,0.5296853999607265,2,2,2,0,0,0,2,187440,ok
chao,p7.2.g.txt,0,186007,102,2,70.0,247.0,247.0,0.0,1,0.7770399999571964,2,2,2,0,0,0,2,318032,ok
chao,p7.2.h.txt,0,187007,102,2,80.0,290.0,290.0,0.0,1,1.0846652000909671,2,2,2,0,0,0,2,421960,ok
chao,p7.2.i.txt,0,188007,102,2,90.0,314.0,314.0,0.0,1,1.6349624999566004,2,2,2,0,0,0,2,478720,ok
chao,p7.2.j.txt,0,189007,102,2,100.0,361.0,361.0,0.0,1,1.618766100029461,2,2,2,0,0,0,2,601392,ok
chao,p7.2.k.txt,0,190007,102,2,110.0,400.0,400.0,0.0,1,1.7741801000665873,2,2,2,0,0,0,2,667128,ok
chao,p7.2.l.txt,0,191007,102,2,120.0,400.0,400.0,0.0,1,2.128482099971734,2,2,2,0,0,0,2,667128,ok
chao,p7.2.m.txt,0,192007,102,2,130.0,400.0,400.0,0.0,1,1.963706300011836,2,2,2,0,0,0,2,667128,ok
chao,p7.2.n.txt,0,193007,102,2,140.0,400.0,400.0,0.0,1,2.139497800031677,2,2,2,0,0,0,2,667128,ok
chao,p7.2.o.txt,0,194007,102,2,150.0,400.0,400.0,0.0,1,2.1494673000415787,2,2,2,0,0,0,2,667128,ok
chao,p7.2.p.txt,0,195007,102,2,160.0,400.0,400.0,0.0,1,1.9944776999764144,2,2,2,0,0,0,2,667128,ok
chao,p7.2.q.txt,0,196007,102,2,170.0,400.0,400.0,0.0,1,2.243610500008799,2,2,2,0,0,0,2,667128,ok
chao,p7.2.r.txt,0,197007,102,2,180.0,400.0,400.0,0.0,1,2.0437604000326246,2,2,2,0,0,0,2,667128,ok
chao,p7.2.s.txt,0,198007,102,2,190.0,400.0,400.0,0.0,1,2.174525500042364,2,2,2,0,0,0,2,667128,ok
chao,p7.2.t.txt,0,199007,102,2,200.0,400.0,400.0,0.0,1,2.0579114999854937,2,2,2,0,0,0,2,667128,ok
chao,p7.3.a.txt,0,200007,102,3,6.7,0,0.0,0.0,1,0.05707940005231649,1,1,1,0,0,0,1,2200,ok
chao,p7.3.b.txt,0,201007,102,3,13.3,46.0,46.0,0.0,1,0.06390750000718981,1,1,1,0,0,0,1,6556,ok
chao,p7.3.c.txt,0,202007,102,3,20.0,79.0,79.0,0.0,1,0.1332344999536872,2,2,2,0,0,0,2,19316,ok
chao,p7.3.d.txt,0,203007,102,3,26.7,101.0,101.0,0.0,1,0.19017810001969337,3,3,3,0,0,0,3,56012,ok
chao,p7.3.e.txt,0,204007,102,3,33.3,170.0,170.0,0.0,1,0.7770113000879064,12,12,12,0,0,0,12,297880,ok
chao,p7.3.f.txt,0,205007,102,3,40.0,185.0,185.0,0.0,1,0.22888979990966618,2,2,2,0,0,0,2,89320,ok
chao,p7.3.g.txt,0,206007,102,3,46.7,214.0,214.0,0.0,1,0.31753709993790835,2,2,2,0,0,0,2,118272,ok
chao,p7.3.h.txt,0,207007,102,3,53.3,357.0,357.0,0.0,1,1.3141175999771804,8,8,8,0,0,0,8,604340,ok
chao,p7.3.i.txt,0,208007,102,3,60.0,429.0,429.0,0.0,1,1.9335892000235617,9,9,9,0,0,0,9,1058200,ok
chao,p7.3.j.txt,0,209007,102,3,66.7,310.0,310.0,0.0,1,0.6926901999395341,2,2,2,0,0,0,2,318032,ok
chao,p7.3.k.txt,0,210007,102,3,73.3,330.0,330.0,0.0,1,0.9149561999365687,2,2,2,0,0,0,2,368368,ok
chao,p7.3.l.txt,0,211007,102,3,80.0,354.0,354.0,0.0,1,1.0871624000137672,2,2,2,0,0,0,2,421960,ok
chao,p7.3.m.txt,0,212007,102,3,86.7,367.0,367.0,0.0,1,1.4107240999583155,2,2,2,0,0,0,2,478720,ok
chao,p7.3.n.txt,0,213007,102,3,93.3,379.0,379.0,0.0,1,1.4945103999925777,2,2,2,0,0,0,2,478720,ok
chao,p7.3.o.txt,0,214007,102,3,100.0,426.0,426.0,0.0,1,1.6143349000485614,2,2,2,0,0,0,2,601392,ok
chao,p7.3.p.txt,0,215007,102,3,106.7,466.0,466.0,0.0,1,1.8406081000575796,2,2,2,0,0,0,2,667128,ok
chao,p7.3.q.txt,0,216007,102,3,113.3,466.0,466.0,0.0,1,1.8161987999919802,2,2,2,0,0,0,2,667128,ok
chao,p7.3.r.txt,0,217007,102,3,120.0,466.0,466.0,0.0,1,1.8306309999898076,2,2,2,0,0,0,2,667128,ok
chao,p7.3.s.txt,0,218007,102,3,126.7,466.0,466.0,0.0,1,2.1778908000560477,2,2,2,0,0,0,2,667128,ok
chao,p7.3.t.txt,0,219007,102,3,133.3,466.0,466.0,0.0,1,1.9644627999514341,2,2,2,0,0,0,2,667128,ok
chao,p7.4.a.txt,0,220007,102,4,5.0,0,0.0,0.0,1,0.05274209997151047,1,1,1,0,0,0,1,2200,ok
chao,p7.4.b.txt,0,221007,102,4,10.0,30.0,30.0,0.0,1,0.06272669997997582,1,1,1,0,0,0,1,6556,ok
chao,p7.4.c.txt,0,222007,102,4,15.0,46.0,46.0,0.0,1,0.06610049994196743,1,1,1,0,0,0,1,6556,ok
chao,p7.4.d.txt,0,223007,102,4,20.0,79.0,79.0,0.0,1,0.08675840008072555,1,1,1,0,0,0,1,6358,ok
chao,p7.4.e.txt,0,224007,102,4,25.0,114.0,114.0,0.0,1,0.10159330000169575,1,1,1,0,0,0,1,12892,ok
chao,p7.4.f.txt,0,225007,102,4,30.0,155.0,155.0,0.0,1,0.22440619999542832,3,3,3,0,0,0,3,47344,ok
chao,p7.4.g.txt,0,226007,102,4,35.0,180.0,180.0,0.0,1,0.17330270004458725,2,2,2,0,0,0,2,89320,ok
chao,p7.4.h.txt,0,227007,102,4,40.0,245.0,245.0,0.0,1,0.9015309000387788,11,11,11,0,0,0,11,376596,ok
chao,p7.4.i.txt,0,228007,102,4,45.0,249.0,249.0,0.0,1,0.26890110003296286,2,2,2,0,0,0,2,118272,ok
chao,p7.4.j.txt,0,229007,102,4,50.0,393.0,393.0,0.0,1,1.2814936999930069,8,8,8,0,0,0,8,502788,ok
chao,p7.4.k.txt,0,230007,102,4,55.0,411.0,411.0,0.0,1,2.105893599917181,12,12,12,0,0,0,12,903562,ok
chao,p7.4.l.txt,0,231007,102,4,60.0,316.0,316.0,0.0,1,0.5481607000110671,2,2,2,0,0,0,2,187440,ok
chao,p7.4.m.txt,0,232007,102,4,65.0,465.0,465.0,0.0,1,3.0641679000109434,12,12,12,0,0,0,12,1647184,ok
chao,p7.4.n.txt,0,233007,102,4,70.0,560.0,560.0,0.0,1,3.4863304999889806,12,12,12,0,0,0,12,2140490,ok
chao,p7.4.o.txt,0,234007,102,4,75.0,601.0,601.0,0.0,1,4.467204699991271,12,12,12,0,0,0,12,2444376,ok
chao,p7.4.p.txt,0,235007,102,4,80.0,414.0,414.0,0.0,1,1.0983897999394685,2,2,2,0,0,0,2,421960,ok
chao,p7.4.q.txt,0,236007,102,4,85.0,427.0,427.0,0.0,1,1.5287919000256807,2,2,2,0,0,0,2,478720,ok
chao,p7.4.r.txt,0,237007,102,4,90.0,760.0,760.0,0.0,1,7.906189600005746,12,12,12,0,0,0,12,3430966,ok
chao,p7.4.s.txt,0,238007,102,4,95.0,671.0,671.0,0.0,1,7.001045499928296,12,12,12,0,0,0,12,3561426,ok
chao,p7.4.t.txt,0,239007,102,4,100.0,520.0,520.0,0.0,1,1.683275300078094,2,2,2,0,0,0,2,667128,ok
dang,bier127_gen1_m2.txt,0,7,128,2,29570.5,36.0,36.0,0.0,1,8.883158699958585,9,9,9,0,0,0,9,3856050,ok
dang,bier127_gen1_m3.txt,0,1007,128,3,19713.7,38.0,38.0,0.0,1,11.753874300047755,12,12,12,0,0,0,12,5116320,ok
dang,bier127_gen2_m2.txt,0,2007,128,2,29570.5,1313.0,1313.0,0.0,1,2.877119499957189,2,2,2,0,0,0,2,862752,ok
dang,bier127_gen2_m3.txt,0,3007,128,3,19713.7,1485.0,1485.0,0.0,1,11.885213600005955,12,12,12,0,0,0,12,5078700,ok
dang,bier127_gen2_m4.txt,0,4007,128,4,14785.2,1561.0,1561.0,0.0,1,2.7432058000704274,2,2,2,0,0,0,2,862752,ok
dang,bier127_gen3_m2.txt,0,5007,128,2,29570.5,425.0,425.0,0.0,1,2.646786700002849,2,2,2,0,0,0,2,862752,ok
dang,bier127_gen3_m3.txt,0,6007,128,3,19713.7,524.0,524.0,0.0,1,2.836890200036578,2,2,2,0,0,0,2,862752,ok
dang,bier127_gen3_m4.txt,0,7007,128,4,14785.2,555.0,555.0,0.0,1,2.6117047000443563,2,2,2,0,0,0,2,862752,ok
dang,cmt101c_m3.txt,0,8007,102,3,126.33,810.0,810.0,0.0,1,9.16230219998397,12,12,12,0,0,0,12,3886146,ok
dang,cmt151b_m3.txt,0,9007,152,3,116.67,732.0,732.0,0.0,1,12.7554704999784,12,12,12,0,0,0,12,6177204,ok
dang,cmt151c_m2.txt,0,10007,152,2,262.5,663.0,663.0,0.0,1,13.805357899982482,12,12,12,0,0,0,12,6211062,ok
dang,cmt151c_m3.txt,0,11007,152,3,175.0,732.0,732.0,0.0,1,14.071414100006223,12,12,12,0,0,0,12,6184728,ok
dang,cmt151c_m4.txt,0,12007,152,4,131.25,810.0,810.0,0.0,1,13.880289900000207,12,12,12,0,0,0,12,6162156,ok
dang,cmt200b_m2.txt,0,13007,201,2,191.0,698.0,698.0,0.0,1,18.691154000000097,12,12,12,0,0,0,12,8396784,ok
dang,cmt200b_m3.txt,0,14007,201,3,127.33,1010.0,1010.0,0.0,1,17.661756200017408,12,12,12,0,0,0,12,8408070,ok
dang,cmt200b_m4.txt,0,15007,201,4,95.5,1070.0,1070.0,0.0,1,13.508402699953876,12,12,12,0,0,0,12,8374212,ok
dang,cmt200c_m2.txt,0,16007,201,2,286.5,698.0,698.0,0.0,1,18.094503100030124,12,12,12,0,0,0,12,8396784,ok
dang,cmt200c_m3.txt,0,17007,201,3,191.0,766.0,766.0,0.0,1,18.49571869999636,12,12,12,0,0,0,12,8329068,ok
dang,cmt200c_m4.txt,0,18007,201,4,143.25,859.0,859.0,0.0,1,18.512963499990292,12,12,12,0,0,0,12,8370450,ok
dang,eil101b_m3.txt,0,19007,102,3,105.0,425.0,425.0,0.0,1,1.7501124000409618,2,2,2,0,0,0,2,667128,ok
dang,eil101c_m2.txt,0,20007,102,2,236.0,383.0,383.0,0.0,1,2.143399100052193,2,2,2,0,0,0,2,667128,ok
dang,eil101c_m3.txt,0,21007,102,3,157.33,436.0,436.0,0.0,1,2.066000199993141,2,2,2,0,0,0,2,667128,ok
dang,gil262_gen1_m3.txt,0,22007,263,3,396.333,22.0,22.0,0.0,1,3.1787061999784783,2,2,2,0,0,0,2,1878492,ok
dang,gil262_gen1_m4.txt,0,23007,263,4,297.25,24.0,24.0,0.0,1,1.340954199898988,2,2,2,0,0,0,2,1878492,ok
dang,gil262_gen2_m2.txt,0,24007,263,2,594.5,1403.0,1403.0,0.0,1,5.564477700041607,2,2,2,0,0,0,2,1878492,ok
dang,gil262_gen2_m3.txt,0,25007,263,3,396.333,1583.0,1583.0,0.0,1,3.1388968999963254,2,2,2,0,0,0,2,1878492,ok
dang,gil262_gen3_m2.txt,0,26007,263,2,594.5,532.0,532.0,0.0,1,5.779154900112189,2,2,2,0,0,0,2,1878492,ok
dang,gil262_gen3_m4.txt,0,27007,263,4,297.25,632.0,632.0,0.0,1,1.2280043999198824,2,2,2,0,0,0,2,1878492,ok
dang,gil262a_m2.txt,0,28007,251,2,297.5,1352.0,1352.0,0.0,1,17.8733082000399,12,12,12,0,0,0,12,10669032,ok
dang,gil262a_m4.txt,0,29007,251,4,148.75,1474.0,1474.0,0.0,1,1.112805899931118,2,2,2,0,0,0,2,1788204,ok
dang,gil262b_m2.txt,0,30007,251,2,594.5,1352.0,1352.0,0.0,1,22.587655099923722,12,12,12,0,0,0,12,10642698,ok
dang,gil262b_m3.txt,0,31007,251,3,396.33,1402.0,1402.0,0.0,1,5.201890500029549,2,2,2,0,0,0,2,1788204,ok
dang,gil262b_m4.txt,0,32007,251,4,297.25,1565.0,1565.0,0.0,1,4.203795099980198,2,2,2,0,0,0,2,1788204,ok
dang,gil262c_m2.txt,0,33007,251,2,892.0,1352.0,1352.0,0.0,1,23.192859000060707,12,12,12,0,0,0,12,10642698,ok
dang,gil262c_m3.txt,0,34007,251,3,594.67,1402.0,1402.0,0.0,1,5.289655000087805,2,2,2,0,0,0,2,1788204,ok
dang,gil262c_m4.txt,0,35007,251,4,446.0,1565.0,1565.0,0.0,1,5.384156399988569,2,2,2,0,0,0,2,1788204,ok
dang,gr229_gen1_m4.txt,0,36007,230,4,441.25,24.0,24.0,0.0,1,4.9272995999781415,2,2,2,0,0,0,2,1630200,ok
dang,gr229_gen2_m3.txt,0,37007,230,3,588.333,1463.0,1463.0,0.0,1,4.634185400092974,2,2,2,0,0,0,2,1630200,ok
dang,gr229_gen2_m4.txt,0,38007,230,4,441.25,1620.0,1620.0,0.0,1,4.811304499977268,2,2,2,0,0,0,2,1630200,ok
dang,gr229_gen3_m3.txt,0,39007,230,3,588.333,379.0,379.0,0.0,1,4.935562900034711,2,2,2,0,0,0,2,1630200,ok
dang,gr229_gen3_m4.txt,0,40007,230,4,441.25,457.0,457.0,0.0,1,4.893130499986,2,2,2,0,0,0,2,1630200,ok
dang,kroA150_gen2_m2.txt,0,41007,151,2,6631.0,1171.0,1171.0,0.0,1,2.8652257000794634,2,2,2,0,0,0,2,1035804,ok
dang,kroA150_gen3_m3.txt,0,42007,151,3,4420.67,810.0,810.0,0.0,1,1.6326683999504894,2,2,2,0,0,0,2,1035804,ok
dang,kroA200_gen1_m4.txt,0,43007,201,4,3671.0,24.0,24.0,0.0,1,1.757420999929309,2,2,2,0,0,0,2,1412004,ok
dang,kroB200_gen1_m2.txt,0,44007,201,2,7359.5,20.0,20.0,0.0,1,4.059865099960007,2,2,2,0,0,0,2,1412004,ok
dang,kroB200_gen2_m2.txt,0,45007,201,2,7359.5,1315.0,1315.0,0.0,1,3.982940400019288,2,2,2,0,0,0,2,1412004,ok
dang,kroB200_gen2_m4.txt,0,46007,201,4,3679.75,1665.0,1665.0,0.0,1,1.7693882000166923,2,2,2,0,0,0,2,1412004,ok
dang,kroB200_gen3_m2.txt,0,47007,201,2,7359.5,581.0,581.0,0.0,1,3.77113000000827,2,2,2,0,0,0,2,1412004,ok
dang,kroB200_gen3_m3.txt,0,48007,201,3,4906.33,642.0,642.0,0.0,1,2.194630900048651,2,2,2,0,0,0,2,1412004,ok
dang,lin318_gen1_m2.txt,0,49007,319,2,10522.5,20.0,20.0,0.0,1,6.876415400067344,2,2,2,0,0,0,2,2299836,ok
dang,lin318_gen1_m3.txt,0,50007,319,3,7015.0,22.0,22.0,0.0,1,6.652289899997413,2,2,2,0,0,0,2,2299836,ok
dang,lin318_gen2_m2.txt,0,51007,319,2,10522.5,1227.0,1227.0,0.0,1,6.89557719998993,2,2,2,0,0,0,2,2299836,ok
dang,lin318_gen2_m3.txt,0,52007,319,3,7015.0,1387.0,1387.0,0.0,1,6.717529500019737,2,2,2,0,0,0,2,2299836,ok
dang,lin318_gen3_m2.txt,0,53007,319,2,10522.5,308.0,308.0,0.0,1,6.725810800096951,2,2,2,0,0,0,2,2299836,ok
dang,lin318_gen3_m4.txt,0,54007,319,4,5261.25,390.0,390.0,0.0,1,6.474631900084205,2,2,2,0,0,0,2,2299836,ok
dang,pr136_gen1_m2.txt,0,55007,137,2,24193.0,20.0,20.0,0.0,1,12.501911200000905,12,12,12,0,0,0,12,5541426,ok
dang,pr136_gen2_m2.txt,0,56007,137,2,24193.0,1258.0,1258.0,0.0,1,2.8814886999316514,2,2,2,0,0,0,2,930468,ok
dang,pr264_gen1_m4.txt,0,57007,265,4,6142.0,24.0,24.0,0.0,1,4.122645900002681,2,2,2,0,0,0,2,1893540,ok
dang,pr264_gen2_m2.txt,0,58007,265,2,12284.0,1151.0,1151.0,0.0,1,5.260057199979201,2,2,2,0,0,0,2,1893540,ok
dang,pr264_gen2_m3.txt,0,59007,265,3,8189.33,1334.0,1334.0,0.0,1,4.981335800024681,2,2,2,0,0,0,2,1893540,ok
dang,pr264_gen2_m4.txt,0,60007,265,4,6142.0,1488.0,1488.0,0.0,1,4.105791400070302,2,2,2,0,0,0,2,1893540,ok
dang,pr264_gen3_m3.txt,0,61007,265,3,8189.33,591.0,591.0,0.0,1,8.741898600012064,4,4,4,0,0,0,4,3768270,ok
dang,pr299_gen1_m2.txt,0,62007,300,2,12048.0,20.0,20.0,0.0,1,6.345938800019212,2,2,2,0,0,0,2,2156880,ok
dang,pr299_gen1_m3.txt,0,63007,300,3,8032.0,22.0,22.0,0.0,1,3.5009394000517204,2,2,2,0,0,0,2,2156880,ok
dang,pr299_gen1_m4.txt,0,64007,300,4,6024.0,24.0,24.0,0.0,1,2.734415600076318,2,2,2,0,0,0,2,2156880,ok
dang,pr299_gen2_m3.txt,0,65007,300,3,8032.0,1339.0,1339.0,0.0,1,3.816066199913621,2,2,2,0,0,0,2,2156880,ok
dang,pr299_gen2_m4.txt,0,66007,300,4,6024.0,1486.0,1486.0,0.0,1,2.9914133000420406,2,2,2,0,0,0,2,2156880,ok
dang,pr299_gen3_m2.txt,0,67007,300,2,12048.0,374.0,374.0,0.0,1,6.340586700011045,2,2,2,0,0,0,2,2156880,ok
dang,pr299_gen3_m3.txt,0,68007,300,3,8032.0,404.0,404.0,0.0,1,3.4611942999763414,2,2,2,0,0,0,2,2156880,ok
dang,pr299_gen3_m4.txt,0,69007,300,4,6024.0,450.0,450.0,0.0,1,2.7831450999947265,2,2,2,0,0,0,2,2156880,ok
dang,rat195_gen2_m2.txt,0,70007,196,2,581.0,1253.0,1253.0,0.0,1,4.25102850003168,2,2,2,0,0,0,2,1374384,ok
dang,rat195_gen3_m3.txt,0,71007,196,3,387.333,584.0,584.0,0.0,1,3.8093551999190822,2,2,2,0,0,0,2,1374384,ok
dang,rd400_gen1_m2.txt,0,72007,401,2,3820.5,20.0,20.0,0.0,1,9.057332700002007,2,2,2,0,0,0,2,2916804,ok
dang,rd400_gen1_m3.txt,0,73007,401,3,2547.0,22.0,22.0,0.0,1,9.033294899971224,2,2,2,0,0,0,2,2916804,ok
dang,rd400_gen1_m4.txt,0,74007,401,4,1910.25,24.0,24.0,0.0,1,8.61420279997401,2,2,2,0,0,0,2,2916804,ok
dang,rd400_gen2_m2.txt,0,75007,401,2,3820.5,1356.0,1356.0,0.0,1,9.13769180001691,2,2,2,0,0,0,2,2916804,ok
dang,rd400_gen2_m3.txt,0,76007,401,3,2547.0,1541.0,1541.0,0.0,1,8.983326300047338,2,2,2,0,0,0,2,2916804,ok
dang,rd400_gen2_m4.txt,0,77007,401,4,1910.25,1716.0,1716.0,0.0,1,8.503864699974656,2,2,2,0,0,0,2,2916804,ok
dang,rd400_gen3_m2.txt,0,78007,401,2,3820.5,521.0,521.0,0.0,1,9.330814799992368,2,2,2,0,0,0,2,2916804,ok
dang,rd400_gen3_m3.txt,0,79007,401,3,2547.0,680.0,680.0,0.0,1,8.979825200047344,2,2,2,0,0,0,2,2916804,ok
dang,rd400_gen3_m4.txt,0,80007,401,4,1910.25,821.0,821.0,0.0,1,8.673063799971715,2,2,2,0,0,0,2,2916804,ok
dang,ts225_gen2_m2.txt,0,81007,226,2,31661.0,1170.0,1170.0,0.0,1,4.814646600047126,2,2,2,0,0,0,2,1600104,ok
vansteenwegen,bier127_gen1_m2.txt,0,7,128,2,29570.5,36.0,36.0,0.0,1,8.838506100000814,9,9,9,0,0,0,9,3856050,ok
vansteenwegen,bier127_gen1_m3.txt,0,1007,128,3,19713.7,38.0,38.0,0.0,1,11.747861100011505,12,12,12,0,0,0,12,5116320,ok
vansteenwegen,bier127_gen2_m2.txt,0,2007,128,2,29570.5,1313.0,1313.0,0.0,1,2.7986177999991924,2,2,2,0,0,0,2,862752,ok
vansteenwegen,bier127_gen2_m3.txt,0,3007,128,3,19713.7,1485.0,1485.0,0.0,1,11.528324600076303,12,12,12,0,0,0,12,5078700,ok
vansteenwegen,bier127_gen2_m4.txt,0,4007,128,4,14785.2,1561.0,1561.0,0.0,1,2.766706500086002,2,2,2,0,0,0,2,862752,ok
vansteenwegen,bier127_gen3_m2.txt,0,5007,128,2,29570.5,425.0,425.0,0.0,1,2.591375199961476,2,2,2,0,0,0,2,862752,ok
vansteenwegen,bier127_gen3_m3.txt,0,6007,128,3,19713.7,524.0,524.0,0.0,1,2.805112399975769,2,2,2,0,0,0,2,862752,ok
vansteenwegen,bier127_gen3_m4.txt,0,7007,128,4,14785.2,555.0,555.0,0.0,1,2.5235141000011936,2,2,2,0,0,0,2,862752,ok
vansteenwegen,cmt101c_m3.txt,0,8007,102,3,126.33,810.0,810.0,0.0,1,8.876649899990298,12,12,12,0,0,0,12,3886146,ok
vansteenwegen,cmt151b_m3.txt,0,9007,152,3,116.67,732.0,732.0,0.0,1,12.458491099998355,12,12,12,0,0,0,12,6177204,ok
vansteenwegen,cmt151c_m2.txt,0,10007,152,2,262.5,663.0,663.0,0.0,1,13.077306600054726,12,12,12,0,0,0,12,6211062,ok
vansteenwegen,cmt151c_m3.txt,0,11007,152,3,175.0,732.0,732.0,0.0,1,13.51096880005207,12,12,12,0,0,0,12,6184728,ok
vansteenwegen,cmt151c_m4.txt,0,12007,152,4,131.25,810.0,810.0,0.0,1,13.90040579997003,12,12,12,0,0,0,12,6162156,ok
vansteenwegen,cmt200b_m2.txt,0,13007,201,2,191.0,698.0,698.0,0.0,1,18.55403049988672,12,12,12,0,0,0,12,8396784,ok
vansteenwegen,cmt200b_m3.txt,0,14007,201,3,127.33,1010.0,1010.0,0.0,1,18.569488000008278,12,12,12,0,0,0,12,8408070,ok
vansteenwegen,cmt200b_m4.txt,0,15007,201,4,95.5,1070.0,1070.0,0.0,1,13.296060499968007,12,12,12,0,0,0,12,8374212,ok
vansteenwegen,cmt200c_m2.txt,0,16007,201,2,286.5,698.0,698.0,0.0,1,18.485853900085203,12,12,12,0,0,0,12,8396784,ok
vansteenwegen,cmt200c_m3.txt,0,17007,201,3,191.0,766.0,766.0,0.0,1,18.29110559995752,12,12,12,0,0,0,12,8329068,ok
vansteenwegen,cmt200c_m4.txt,0,18007,201,4,143.25,859.0,859.0,0.0,1,18.151581699959934,12,12,12,0,0,0,12,8370450,ok
vansteenwegen,eil101b_m3.txt,0,19007,102,3,105.0,425.0,425.0,0.0,1,1.8561537999194115,2,2,2,0,0,0,2,667128,ok
vansteenwegen,eil101c_m2.txt,0,20007,102,2,236.0,383.0,383.0,0.0,1,2.222291599959135,2,2,2,0,0,0,2,667128,ok
vansteenwegen,eil101c_m3.txt,0,21007,102,3,157.33,436.0,436.0,0.0,1,2.0033735000761226,2,2,2,0,0,0,2,667128,ok
vansteenwegen,gil262_gen1_m3.txt,0,22007,263,3,396.333,22.0,22.0,0.0,1,3.125352800008841,2,2,2,0,0,0,2,1878492,ok
vansteenwegen,gil262_gen1_m4.txt,0,23007,263,4,297.25,24.0,24.0,0.0,1,1.2576757000060752,2,2,2,0,0,0,2,1878492,ok
vansteenwegen,gil262_gen2_m2.txt,0,24007,263,2,594.5,1403.0,1403.0,0.0,1,5.531266300007701,2,2,2,0,0,0,2,1878492,ok
vansteenwegen,gil262_gen2_m3.txt,0,25007,263,3,396.333,1583.0,1583.0,0.0,1,3.140199700021185,2,2,2,0,0,0,2,1878492,ok
vansteenwegen,gil262_gen3_m2.txt,0,26007,263,2,594.5,532.0,532.0,0.0,1,5.554148999974132,2,2,2,0,0,0,2,1878492,ok
vansteenwegen,gil262_gen3_m4.txt,0,27007,263,4,297.25,632.0,632.0,0.0,1,1.3059505999553949,2,2,2,0,0,0,2,1878492,ok
vansteenwegen,gil262a_m2.txt,0,28007,251,2,297.5,1352.0,1352.0,0.0,1,17.880158999934793,12,12,12,0,0,0,12,10669032,ok
vansteenwegen,gil262a_m4.txt,0,29007,251,4,148.75,1474.0,1474.0,0.0,1,1.126085099996999,2,2,2,0,0,0,2,1788204,ok
vansteenwegen,gil262b_m2.txt,0,30007,251,2,594.5,1352.0,1352.0,0.0,1,23.517228699987754,12,12,12,0,0,0,12,10642698,ok
vansteenwegen,gil262b_m3.txt,0,31007,251,3,396.33,1402.0,1402.0,0.0,1,5.027116899960674,2,2,2,0,0,0,2,1788204,ok
vansteenwegen,gil262b_m4.txt,0,32007,251,4,297.25,1565.0,1565.0,0.0,1,4.099884200026281,2,2,2,0,0,0,2,1788204,ok
vansteenwegen,gil262c_m2.txt,0,33007,251,2,892.0,1352.0,1352.0,0.0,1,23.21749930002261,12,12,12,0,0,0,12,10642698,ok
vansteenwegen,gil262c_m3.txt,0,34007,251,3,594.67,1402.0,1402.0,0.0,1,5.548864400014281,2,2,2,0,0,0,2,1788204,ok
vansteenwegen,gil262c_m4.txt,0,35007,251,4,446.0,1565.0,1565.0,0.0,1,5.264568199985661,2,2,2,0,0,0,2,1788204,ok
vansteenwegen,gr229_gen1_m4.txt,0,36007,230,4,441.25,24.0,24.0,0.0,1,4.959427100024186,2,2,2,0,0,0,2,1630200,ok
vansteenwegen,gr229_gen2_m3.txt,0,37007,230,3,588.333,1463.0,1463.0,0.0,1,4.911965599982068,2,2,2,0,0,0,2,1630200,ok
vansteenwegen,gr229_gen2_m4.txt,0,38007,230,4,441.25,1620.0,1620.0,0.0,1,4.945827199961059,2,2,2,0,0,0,2,1630200,ok
vansteenwegen,gr229_gen3_m3.txt,0,39007,230,3,588.333,379.0,379.0,0.0,1,4.813208699924871,2,2,2,0,0,0,2,1630200,ok
vansteenwegen,gr229_gen3_m4.txt,0,40007,230,4,441.25,457.0,457.0,0.0,1,4.929530199966393,2,2,2,0,0,0,2,1630200,ok
vansteenwegen,kroA150_gen2_m2.txt,0,41007,151,2,6631.0,1171.0,1171.0,0.0,1,2.725898699951358,2,2,2,0,0,0,2,1035804,ok
vansteenwegen,kroA150_gen3_m3.txt,0,42007,151,3,4420.67,810.0,810.0,0.0,1,1.7361708000535145,2,2,2,0,0,0,2,1035804,ok
vansteenwegen,kroA200_gen1_m4.txt,0,43007,201,4,3671.0,24.0,24.0,0.0,1,1.5909410000313073,2,2,2,0,0,0,2,1412004,ok
vansteenwegen,kroB200_gen1_m2.txt,0,44007,201,2,7359.5,20.0,20.0,0.0,1,4.1954952999949455,2,2,2,0,0,0,2,1412004,ok
vansteenwegen,kroB200_gen2_m2.txt,0,45007,201,2,7359.5,1315.0,1315.0,0.0,1,3.9489478000905365,2,2,2,0,0,0,2,1412004,ok
vansteenwegen,kroB200_gen2_m4.txt,0,46007,201,4,3679.75,1665.0,1665.0,0.0,1,1.767135199974291,2,2,2,0,0,0,2,1412004,ok
vansteenwegen,kroB200_gen3_m2.txt,0,47007,201,2,7359.5,581.0,581.0,0.0,1,4.26482240005862,2,2,2,0,0,0,2,1412004,ok
vansteenwegen,kroB200_gen3_m3.txt,0,48007,201,3,4906.33,642.0,642.0,0.0,1,2.165534200030379,2,2,2,0,0,0,2,1412004,ok
vansteenwegen,pr136_gen1_m2.txt,0,49007,137,2,24193.0,20.0,20.0,0.0,1,12.468779299990274,12,12,12,0,0,0,12,5541426,ok
vansteenwegen,pr136_gen2_m2.txt,0,50007,137,2,24193.0,1258.0,1258.0,0.0,1,2.7939420000184327,2,2,2,0,0,0,2,930468,ok
vansteenwegen,pr264_gen1_m4.txt,0,51007,265,4,6142.0,24.0,24.0,0.0,1,4.119194100028835,2,2,2,0,0,0,2,1893540,ok
vansteenwegen,pr264_gen2_m2.txt,0,52007,265,2,12284.0,1151.0,1151.0,0.0,1,5.143118500011042,2,2,2,0,0,0,2,1893540,ok
vansteenwegen,pr264_gen2_m3.txt,0,53007,265,3,8189.33,1334.0,1334.0,0.0,1,5.324689999921247,2,2,2,0,0,0,2,1893540,ok
vansteenwegen,pr264_gen2_m4.txt,0,54007,265,4,6142.0,1488.0,1488.0,0.0,1,4.073797699995339,2,2,2,0,0,0,2,1893540,ok
vansteenwegen,pr264_gen3_m3.txt,0,55007,265,3,8189.33,591.0,591.0,0.0,1,8.787093200022355,4,4,4,0,0,0,4,3768270,ok
vansteenwegen,pr299_gen1_m2.txt,0,56007,300,2,12048.0,20.0,20.0,0.0,1,6.303921699989587,2,2,2,0,0,0,2,2156880,ok
vansteenwegen,pr299_gen1_m3.txt,0,57007,300,3,8032.0,22.0,22.0,0.0,1,3.4938668000977486,2,2,2,0,0,0,2,2156880,ok
vansteenwegen,pr299_gen1_m4.txt,0,58007,300,4,6024.0,24.0,24.0,0.0,1,2.6910329000093043,2,2,2,0,0,0,2,2156880,ok
vansteenwegen,pr299_gen2_m3.txt,0,59007,300,3,8032.0,1339.0,1339.0,0.0,1,3.6165713000809774,2,2,2,0,0,0,2,2156880,ok
vansteenwegen,pr299_gen2_m4.txt,0,60007,300,4,6024.0,1486.0,1486.0,0.0,1,2.900782100041397,2,2,2,0,0,0,2,2156880,ok
vansteenwegen,pr299_gen3_m2.txt,0,61007,300,2,12048.0,374.0,374.0,0.0,1,6.272034600027837,2,2,2,0,0,0,2,2156880,ok
vansteenwegen,pr299_gen3_m3.txt,0,62007,300,3,8032.0,404.0,404.0,0.0,1,3.6461740999948233,2,2,2,0,0,0,2,2156880,ok
vansteenwegen,pr299_gen3_m4.txt,0,63007,300,4,6024.0,450.0,450.0,0.0,1,2.5279837999260053,2,2,2,0,0,0,2,2156880,ok
vansteenwegen,rat195_gen2_m2.txt,0,64007,196,2,581.0,1253.0,1253.0,0.0,1,4.12024089996703,2,2,2,0,0,0,2,1374384,ok
vansteenwegen,rat195_gen3_m3.txt,0,65007,196,3,387.333,584.0,584.0,0.0,1,3.9616700999904424,2,2,2,0,0,0,2,1374384,ok
vansteenwegen,ts225_gen2_m2.txt,0,66007,226,2,31661.0,1170.0,1170.0,0.0,1,4.912324600038119,2,2,2,0,0,0,2,1600104,ok
